,target
0,7
1,4
2,4
3,1
4,14
5,16
6,13
7,3
8,2
9,4
10,8
11,19
12,4
13,14
14,6
15,0
16,1
17,7
18,12
19,5
20,0
21,10
22,6
23,2
24,4
25,1
26,12
27,9
28,15
29,7
30,6
31,13
32,12
33,17
34,18
35,10
36,8
37,11
38,8
39,16
40,9
41,4
42,3
43,9
44,9
45,4
46,4
47,8
48,12
49,14
50,5
51,15
52,2
53,13
54,17
55,11
56,7
57,10
58,2
59,14
60,12
61,5
62,4
63,6
64,7
65,0
66,11
67,16
68,0
69,6
70,17
71,7
72,12
73,7
74,3
75,12
76,11
77,7
78,2
79,2
80,0
81,16
82,1
83,2
84,7
85,3
86,2
87,1
88,10
89,12
90,12
91,17
92,12
93,2
94,8
95,8
96,18
97,5
98,0
99,1
100,6
101,12
102,8
103,4
104,17
105,12
106,12
107,12
108,1
109,6
110,18
111,4
112,3
113,10
114,9
115,0
116,13
117,11
118,5
119,14
120,15
121,8
122,4
123,15
124,15
125,1
126,0
127,16
128,9
129,8
130,6
131,13
132,6
133,17
134,14
135,0
136,9
137,1
138,2
139,15
140,13
141,9
142,2
143,8
144,2
145,13
146,2
147,0
148,15
149,14
150,1
151,14
152,17
153,14
154,4
155,4
156,7
157,19
158,1
159,15
160,17
161,16
162,2
163,15
164,9
165,12
166,6
167,9
168,6
169,6
170,18
171,1
172,10
173,6
174,10
175,5
176,2
177,13
178,3
179,9
180,13
181,12
182,13
183,8
184,4
185,3
186,9
187,1
188,12
189,4
190,2
191,2
192,11
193,13
194,4
195,1
196,12
197,0
198,16
199,12
200,16
201,7
202,17
203,15
204,11
205,14
206,2
207,7
208,10
209,14
210,15
211,5
212,16
213,11
214,4
215,13
216,7
217,4
218,13
219,17
220,1
221,15
222,17
223,17
224,9
225,16
226,17
227,0
228,16
229,8
230,13
231,2
232,14
233,10
234,2
235,2
236,9
237,14
238,9
239,2
240,15
241,15
242,4
243,4
244,11
245,11
246,11
247,13
248,0
249,6
250,18
251,13
252,0
253,18
254,16
255,2
256,9
257,11
258,9
259,3
260,0
261,18
262,7
263,9
264,14
265,9
266,10
267,17
268,8
269,5
270,3
271,2
272,13
273,6
274,7
275,1
276,11
277,4
278,12
279,11
280,6
281,2
282,14
283,9
284,1
285,4
286,11
287,15
288,15
289,6
290,5
291,10
292,8
293,4
294,16
295,17
296,9
297,8
298,10
299,17
300,10
301,11
302,8
303,15
304,10
305,4
306,12
307,0
308,5
309,4
310,0
311,18
312,17
313,2
314,3
315,0
316,19
317,19
318,9
319,19
320,5
321,13
322,14
323,10
324,5
325,11
326,6
327,6
328,1
329,13
330,13
331,18
332,17
333,2
334,9
335,15
336,2
337,8
338,9
339,2
340,19
341,14
342,5
343,14
344,15
345,9
346,3
347,18
348,1
349,18
350,10
351,13
352,19
353,18
354,15
355,9
356,14
357,4
358,4
359,0
360,12
361,18
362,14
363,14
364,17
365,13
366,15
367,5
368,4
369,18
370,12
371,9
372,6
373,1
374,4
375,6
376,8
377,0
378,17
379,3
380,1
381,18
382,16
383,18
384,8
385,13
386,12
387,15
388,8
389,6
390,19
391,14
392,4
393,4
394,17
395,5
396,6
397,5
398,13
399,4
400,11
401,10
402,12
403,3
404,12
405,7
406,10
407,5
408,19
409,1
410,16
411,2
412,11
413,12
414,2
415,7
416,5
417,5
418,8
419,5
420,13
421,15
422,15
423,18
424,0
425,12
426,6
427,12
428,4
429,3
430,3
431,8
432,14
433,11
434,16
435,13
436,0
437,10
438,2
439,5
440,15
441,10
442,15
443,14
444,15
445,7
446,8
447,11
448,15
449,9
450,3
451,8
452,14
453,17
454,11
455,13
456,16
457,11
458,15
459,8
460,15
461,8
462,7
463,7
464,6
465,1
466,8
467,14
468,15
469,17
470,6
471,10
472,10
473,10
474,14
475,17
476,15
477,15
478,8
479,9
480,0
481,13
482,10
483,12
484,18
485,2
486,8
487,19
488,9
489,4
490,16
491,0
492,7
493,5
494,10
495,0
496,0
497,13
498,2
499,6
500,2
501,3
502,10
503,17
504,13
505,16
506,1
507,17
508,0
509,17
510,14
511,3
512,4
513,2
514,16
515,2
516,9
517,1
518,4
519,13
520,12
521,3
522,12
523,15
524,15
525,6
526,7
527,3
528,8
529,19
530,1
531,3
532,16
533,14
534,7
535,12
536,17
537,12
538,11
539,5
540,9
541,9
542,15
543,10
544,12
545,14
546,9
547,7
548,6
549,10
550,4
551,15
552,1
553,3
554,18
555,5
556,17
557,18
558,14
559,16
560,11
561,5
562,3
563,17
564,7
565,1
566,15
567,6
568,4
569,1
570,3
571,17
572,15
573,8
574,18
575,0
576,4
577,19
578,6
579,14
580,0
581,8
582,11
583,10
584,1
585,5
586,9
587,18
588,4
589,2
590,19
591,16
592,7
593,11
594,2
595,0
596,7
597,11
598,7
599,2
600,15
601,12
602,6
603,7
604,12
605,3
606,2
607,11
608,12
609,14
610,5
611,19
612,13
613,15
614,15
615,19
616,6
617,8
618,8
619,5
620,6
621,7
622,10
623,5
624,3
625,16
626,13
627,5
628,6
629,19
630,4
631,7
632,2
633,9
634,15
635,13
636,7
637,15
638,13
639,1
640,1
641,18
642,18
643,19
644,17
645,4
646,13
647,0
648,0
649,19
650,15
651,2
652,12
653,9
654,1
655,6
656,0
657,11
658,17
659,7
660,1
661,1
662,3
663,13
664,9
665,9
666,9
667,5
668,18
669,9
670,18
671,9
672,6
673,16
674,17
675,2
676,7
677,5
678,3
679,10
680,12
681,15
682,7
683,10
684,0
685,3
686,12
687,17
688,18
689,15
690,0
691,17
692,19
693,2
694,11
695,12
696,18
697,15
698,1
699,7
700,1
701,8
702,11
703,13
704,4
705,18
706,5
707,15
708,5
709,1
710,12
711,1
712,11
713,5
714,10
715,15
716,0
717,12
718,15
719,15
720,9
721,19
722,7
723,1
724,9
725,18
726,4
727,15
728,18
729,13
730,7
731,16
732,11
733,9
734,0
735,5
736,10
737,6
738,4
739,15
740,11
741,8
742,19
743,5
744,1
745,3
746,2
747,0
748,15
749,17
750,13
751,19
752,4
753,9
754,7
755,8
756,4
757,7
758,14
759,15
760,18
761,0
762,14
763,7
764,17
765,4
766,9
767,12
768,5
769,6
770,16
771,7
772,2
773,8
774,13
775,19
776,1
777,9
778,1
779,3
780,9
781,5
782,6
783,15
784,0
785,2
786,17
787,19
788,16
789,11
790,16
791,0
792,18
793,13
794,6
795,7
796,4
797,18
798,0
799,14
800,7
801,15
802,11
803,2
804,3
805,15
806,14
807,3
808,6
809,15
810,7
811,19
812,14
813,4
814,13
815,10
816,4
817,16
818,13
819,16
820,2
821,8
822,2
823,4
824,3
825,4
826,8
827,7
828,11
829,17
830,6
831,3
832,17
833,0
834,5
835,12
836,11
837,1
838,6
839,18
840,6
841,4
842,3
843,12
844,13
845,14
846,6
847,14
848,0
849,13
850,8
851,14
852,0
853,11
854,8
855,16
856,8
857,3
858,17
859,6
860,17
861,14
862,6
863,10
864,10
865,13
866,11
867,16
868,3
869,13
870,10
871,5
872,0
873,14
874,6
875,14
876,7
877,7
878,17
879,3
880,12
881,4
882,6
883,0
884,1
885,12
886,15
887,5
888,11
889,15
890,5
891,15
892,17
893,18
894,17
895,8
896,5
897,8
898,17
899,17
900,0
901,0
902,6
903,0
904,7
905,15
906,17
907,10
908,4
909,11
910,7
911,10
912,16
913,0
914,16
915,11
916,0
917,3
918,10
919,17
920,10
921,16
922,8
923,9
924,7
925,12
926,16
927,6
928,17
929,3
930,9
931,11
932,17
933,6
934,10
935,19
936,19
937,8
938,17
939,13
940,6
941,18
942,11
943,3
944,12
945,14
946,9
947,15
948,12
949,10
950,16
951,9
952,2
953,14
954,2
955,11
956,13
957,10
958,7
959,5
960,7
961,19
962,3
963,9
964,5
965,10
966,15
967,19
968,9
969,4
970,13
971,2
972,11
973,12
974,0
975,5
976,16
977,8
978,2
979,7
980,11
981,17
982,0
983,19
984,19
985,3
986,10
987,9
988,14
989,8
990,4
991,10
992,12
993,14
994,10
995,6
996,17
997,4
998,13
999,15
1000,2
1001,7
1002,18
1003,1
1004,16
1005,14
1006,19
1007,15
1008,3
1009,16
1010,7
1011,14
1012,1
1013,8
1014,18
1015,15
1016,18
1017,7
1018,6
1019,0
1020,3
1021,15
1022,2
1023,13
1024,13
1025,7
1026,12
1027,14
1028,9
1029,11
1030,1
1031,15
1032,6
1033,6
1034,7
1035,16
1036,10
1037,17
1038,12
1039,16
1040,2
1041,1
1042,5
1043,3
1044,12
1045,19
1046,17
1047,7
1048,15
1049,17
1050,15
1051,3
1052,7
1053,8
1054,0
1055,0
1056,6
1057,2
1058,2
1059,18
1060,4
1061,7
1062,3
1063,5
1064,9
1065,1
1066,8
1067,17
1068,6
1069,10
1070,16
1071,14
1072,13
1073,13
1074,19
1075,13
1076,16
1077,6
1078,1
1079,8
1080,4
1081,2
1082,7
1083,2
1084,5
1085,11
1086,7
1087,17
1088,10
1089,4
1090,1
1091,18
1092,12
1093,16
1094,0
1095,16
1096,6
1097,10
1098,18
1099,9
1100,16
1101,8
1102,5
1103,7
1104,13
1105,10
1106,16
1107,7
1108,12
1109,8
1110,15
1111,7
1112,8
1113,14
1114,18
1115,10
1116,1
1117,12
1118,5
1119,12
1120,19
1121,3
1122,13
1123,7
1124,14
1125,6
1126,7
1127,15
1128,3
1129,15
1130,10
1131,18
1132,15
1133,17
1134,11
1135,10
1136,15
1137,0
1138,11
1139,5
1140,1
1141,9
1142,19
1143,6
1144,7
1145,4
1146,5
1147,15
1148,16
1149,10
1150,3
1151,17
1152,12
1153,10
1154,15
1155,10
1156,1
1157,5
1158,5
1159,16
1160,7
1161,4
1162,3
1163,11
1164,10
1165,4
1166,18
1167,1
1168,7
1169,9
1170,16
1171,6
1172,14
1173,17
1174,8
1175,15
1176,14
1177,0
1178,2
1179,16
1180,16
1181,8
1182,11
1183,6
1184,18
1185,3
1186,6
1187,16
1188,11
1189,5
1190,3
1191,18
1192,11
1193,0
1194,3
1195,13
1196,10
1197,10
1198,15
1199,11
1200,18
1201,6
1202,8
1203,13
1204,2
1205,10
1206,6
1207,2
1208,4
1209,8
1210,18
1211,10
1212,11
1213,10
1214,7
1215,6
1216,2
1217,12
1218,2
1219,0
1220,13
1221,2
1222,10
1223,19
1224,7
1225,4
1226,5
1227,8
1228,15
1229,7
1230,10
1231,6
1232,8
1233,15
1234,16
1235,5
1236,6
1237,3
1238,0
1239,14
1240,19
1241,8
1242,2
1243,10
1244,2
1245,15
1246,7
1247,8
1248,18
1249,13
1250,6
1251,0
1252,3
1253,11
1254,12
1255,0
1256,9
1257,12
1258,11
1259,11
1260,12
1261,18
1262,5
1263,14
1264,14
1265,19
1266,19
1267,1
1268,1
1269,2
1270,4
1271,11
1272,2
1273,15
1274,5
1275,6
1276,4
1277,3
1278,19
1279,18
1280,2
1281,17
1282,9
1283,11
1284,17
1285,6
1286,15
1287,7
1288,14
1289,13
1290,1
1291,0
1292,17
1293,18
1294,12
1295,3
1296,2
1297,6
1298,8
1299,11
1300,13
1301,15
1302,17
1303,18
1304,5
1305,17
1306,18
1307,19
1308,2
1309,4
1310,13
1311,0
1312,10
1313,8
1314,8
1315,2
1316,9
1317,12
1318,10
1319,10
1320,19
1321,16
1322,16
1323,13
1324,7
1325,0
1326,9
1327,4
1328,8
1329,13
1330,8
1331,12
1332,16
1333,17
1334,17
1335,2
1336,11
1337,1
1338,13
1339,3
1340,1
1341,15
1342,11
1343,18
1344,12
1345,12
1346,5
1347,16
1348,1
1349,5
1350,8
1351,6
1352,17
1353,11
1354,12
1355,1
1356,8
1357,14
1358,5
1359,19
1360,15
1361,11
1362,17
1363,7
1364,13
1365,9
1366,19
1367,9
1368,11
1369,2
1370,4
1371,11
1372,8
1373,1
1374,10
1375,7
1376,4
1377,4
1378,5
1379,11
1380,2
1381,8
1382,8
1383,17
1384,16
1385,12
1386,13
1387,17
1388,12
1389,13
1390,5
1391,16
1392,11
1393,11
1394,13
1395,17
1396,11
1397,16
1398,13
1399,14
1400,13
1401,7
1402,14
1403,2
1404,15
1405,5
1406,18
1407,12
1408,11
1409,6
1410,15
1411,8
1412,18
1413,14
1414,2
1415,9
1416,2
1417,12
1418,11
1419,4
1420,18
1421,4
1422,18
1423,5
1424,10
1425,1
1426,3
1427,17
1428,4
1429,13
1430,16
1431,13
1432,12
1433,5
1434,12
1435,0
1436,10
1437,8
1438,13
1439,19
1440,19
1441,5
1442,13
1443,18
1444,7
1445,8
1446,10
1447,11
1448,17
1449,9
1450,14
1451,18
1452,16
1453,19
1454,9
1455,4
1456,3
1457,1
1458,0
1459,5
1460,12
1461,9
1462,19
1463,12
1464,16
1465,4
1466,3
1467,16
1468,16
1469,11
1470,13
1471,1
1472,1
1473,3
1474,7
1475,16
1476,12
1477,12
1478,18
1479,3
1480,1
1481,18
1482,17
1483,14
1484,12
1485,9
1486,9
1487,16
1488,12
1489,8
1490,2
1491,16
1492,2
1493,16
1494,7
1495,5
1496,8
1497,11
1498,5
1499,19
1500,7
1501,1
1502,6
1503,8
1504,10
1505,16
1506,2
1507,16
1508,6
1509,17
1510,6
1511,18
1512,4
1513,17
1514,7
1515,2
1516,10
1517,17
1518,11
1519,0
1520,12
1521,6
1522,4
1523,10
1524,4
1525,2
1526,11
1527,2
1528,0
1529,4
1530,16
1531,14
1532,8
1533,15
1534,0
1535,2
1536,17
1537,13
1538,2
1539,3
1540,17
1541,2
1542,9
1543,10
1544,4
1545,4
1546,3
1547,2
1548,14
1549,15
1550,6
1551,12
1552,2
1553,9
1554,11
1555,18
1556,11
1557,15
1558,16
1559,18
1560,13
1561,0
1562,16
1563,9
1564,8
1565,15
1566,4
1567,1
1568,3
1569,12
1570,9
1571,14
1572,7
1573,10
1574,3
1575,12
1576,6
1577,17
1578,17
1579,2
1580,3
1581,12
1582,3
1583,14
1584,6
1585,3
1586,1
1587,9
1588,13
1589,9
1590,18
1591,1
1592,10
1593,13
1594,14
1595,7
1596,12
1597,16
1598,19
1599,17
1600,19
1601,7
1602,5
1603,2
1604,12
1605,3
1606,9
1607,9
1608,5
1609,0
1610,7
1611,7
1612,16
1613,10
1614,15
1615,14
1616,1
1617,15
1618,8
1619,15
1620,14
1621,8
1622,5
1623,10
1624,6
1625,7
1626,2
1627,3
1628,18
1629,0
1630,10
1631,10
1632,1
1633,5
1634,4
1635,8
1636,13
1637,3
1638,14
1639,4
1640,9
1641,4
1642,15
1643,0
1644,5
1645,9
1646,6
1647,13
1648,16
1649,19
1650,6
1651,9
1652,4
1653,10
1654,7
1655,10
1656,1
1657,9
1658,15
1659,7
1660,11
1661,4
1662,8
1663,2
1664,1
1665,14
1666,13
1667,6
1668,15
1669,7
1670,2
1671,12
1672,15
1673,1
1674,8
1675,13
1676,11
1677,3
1678,3
1679,11
1680,14
1681,9
1682,15
1683,10
1684,4
1685,13
1686,17
1687,7
1688,8
1689,6
1690,6
1691,14
1692,12
1693,2
1694,3
1695,17
1696,16
1697,12
1698,2
1699,9
1700,13
1701,2
1702,5
1703,19
1704,5
1705,8
1706,9
1707,1
1708,6
1709,3
1710,13
1711,17
1712,5
1713,8
1714,4
1715,1
1716,2
1717,5
1718,10
1719,10
1720,6
1721,12
1722,2
1723,8
1724,19
1725,1
1726,11
1727,2
1728,17
1729,12
1730,19
1731,12
1732,16
1733,2
1734,19
1735,11
1736,6
1737,19
1738,14
1739,6
1740,18
1741,18
1742,6
1743,4
1744,6
1745,13
1746,11
1747,9
1748,7
1749,15
1750,8
1751,17
1752,16
1753,13
1754,10
1755,1
1756,18
1757,9
1758,5
1759,10
1760,11
1761,14
1762,12
1763,8
1764,1
1765,9
1766,8
1767,16
1768,11
1769,14
1770,12
1771,6
1772,1
1773,15
1774,5
1775,4
1776,13
1777,7
1778,8
1779,8
1780,5
1781,8
1782,2
1783,14
1784,13
1785,14
1786,17
1787,11
1788,9
1789,8
1790,8
1791,7
1792,4
1793,15
1794,3
1795,3
1796,3
1797,11
1798,1
1799,7
1800,12
1801,19
1802,11
1803,1
1804,12
1805,16
1806,12
1807,7
1808,17
1809,9
1810,0
1811,2
1812,13
1813,8
1814,12
1815,8
1816,6
1817,12
1818,14
1819,12
1820,7
1821,2
1822,3
1823,6
1824,4
1825,7
1826,15
1827,9
1828,9
1829,5
1830,14
1831,1
1832,4
1833,9
1834,13
1835,1
1836,4
1837,8
1838,8
1839,13
1840,10
1841,3
1842,16
1843,8
1844,10
1845,12
1846,7
1847,9
1848,5
1849,8
1850,2
1851,3
1852,7
1853,16
1854,6
1855,16
1856,7
1857,9
1858,11
1859,3
1860,6
1861,4
1862,9
1863,2
1864,8
1865,16
1866,17
1867,13
1868,10
1869,1
1870,10
1871,8
1872,14
1873,5
1874,4
1875,10
1876,0
1877,6
1878,12
1879,11
1880,10
1881,3
1882,17
1883,0
1884,13
1885,13
1886,3
1887,6
1888,15
1889,0
1890,18
1891,19
1892,2
1893,13
1894,12
1895,4
1896,11
1897,9
1898,10
1899,16
1900,16
1901,7
1902,17
1903,11
1904,16
1905,12
1906,17
1907,1
1908,17
1909,0
1910,7
1911,15
1912,16
1913,3
1914,15
1915,3
1916,10
1917,17
1918,0
1919,10
1920,10
1921,5
1922,16
1923,13
1924,15
1925,1
1926,2
1927,12
1928,1
1929,4
1930,6
1931,9
1932,6
1933,3
1934,16
1935,5
1936,0
1937,11
1938,8
1939,17
1940,11
1941,18
1942,18
1943,0
1944,0
1945,8
1946,15
1947,5
1948,8
1949,2
1950,11
1951,5
1952,8
1953,4
1954,11
1955,11
1956,15
1957,4
1958,5
1959,4
1960,3
1961,16
1962,19
1963,14
1964,10
1965,10
1966,4
1967,9
1968,5
1969,9
1970,11
1971,9
1972,15
1973,5
1974,16
1975,16
1976,16
1977,14
1978,15
1979,10
1980,5
1981,16
1982,5
1983,3
1984,6
1985,13
1986,5
1987,10
1988,10
1989,15
1990,6
1991,9
1992,5
1993,3
1994,5
1995,17
1996,9
1997,7
1998,17
1999,15
2000,8
2001,15
2002,6
2003,9
2004,7
2005,2
2006,18
2007,17
2008,7
2009,11
2010,9
2011,3
2012,15
2013,15
2014,7
2015,9
2016,3
2017,16
2018,9
2019,13
2020,13
2021,10
2022,19
2023,16
2024,5
2025,3
2026,12
2027,12
2028,6
2029,9
2030,17
2031,18
2032,10
2033,5
2034,8
2035,4
2036,3
2037,9
2038,2
2039,11
2040,6
2041,4
2042,14
2043,15
2044,9
2045,8
2046,0
2047,6
2048,10
2049,7
2050,14
2051,6
2052,11
2053,19
2054,16
2055,3
2056,5
2057,16
2058,13
2059,5
2060,17
2061,14
2062,1
2063,8
2064,5
2065,11
2066,16
2067,15
2068,18
2069,4
2070,15
2071,14
2072,2
2073,16
2074,4
2075,3
2076,16
2077,17
2078,9
2079,10
2080,19
2081,2
2082,2
2083,6
2084,9
2085,16
2086,7
2087,15
2088,4
2089,2
2090,6
2091,16
2092,7
2093,0
2094,14
2095,0
2096,2
2097,13
2098,5
2099,19
2100,12
2101,5
2102,15
2103,11
2104,11
2105,6
2106,5
2107,0
2108,8
2109,0
2110,18
2111,14
2112,10
2113,0
2114,2
2115,16
2116,4
2117,9
2118,15
2119,19
2120,16
2121,5
2122,17
2123,5
2124,13
2125,1
2126,7
2127,10
2128,18
2129,6
2130,2
2131,6
2132,6
2133,4
2134,7
2135,5
2136,16
2137,9
2138,3
2139,7
2140,2
2141,8
2142,6
2143,2
2144,1
2145,0
2146,3
2147,0
2148,18
2149,17
2150,13
2151,1
2152,8
2153,6
2154,1
2155,4
2156,16
2157,11
2158,4
2159,2
2160,13
2161,8
2162,7
2163,8
2164,3
2165,12
2166,7
2167,8
2168,14
2169,10
2170,2
2171,9
2172,14
2173,9
2174,15
2175,11
2176,14
2177,17
2178,13
2179,15
2180,16
2181,13
2182,1
2183,7
2184,14
2185,19
2186,4
2187,17
2188,17
2189,13
2190,16
2191,15
2192,19
2193,11
2194,17
2195,0
2196,17
2197,0
2198,4
2199,15
2200,16
2201,12
2202,12
2203,11
2204,9
2205,9
2206,1
2207,9
2208,1
2209,14
2210,13
2211,14
2212,16
2213,4
2214,13
2215,12
2216,8
2217,4
2218,14
2219,15
2220,2
2221,0
2222,15
2223,15
2224,15
2225,0
2226,7
2227,17
2228,12
2229,5
2230,19
2231,4
2232,1
2233,5
2234,18
2235,8
2236,12
2237,18
2238,2
2239,5
2240,0
2241,3
2242,17
2243,2
2244,17
2245,0
2246,12
2247,9
2248,16
2249,16
2250,10
2251,1
2252,0
2253,4
2254,0
2255,7
2256,11
2257,15
2258,4
2259,6
2260,9
2261,6
2262,17
2263,18
2264,8
2265,13
2266,2
2267,11
2268,9
2269,6
2270,9
2271,8
2272,11
2273,7
2274,13
2275,7
2276,13
2277,2
2278,9
2279,11
2280,9
2281,0
2282,11
2283,14
2284,6
2285,19
2286,5
2287,10
2288,13
2289,15
2290,9
2291,16
2292,5
2293,3
2294,8
2295,2
2296,0
2297,6
2298,8
2299,5
2300,11
2301,14
2302,1
2303,12
2304,1
2305,12
2306,7
2307,7
2308,18
2309,3
2310,18
2311,3
2312,7
2313,3
2314,5
2315,16
2316,10
2317,9
2318,17
2319,12
2320,12
2321,15
2322,0
2323,12
2324,3
2325,18
2326,5
2327,3
2328,0
2329,13
2330,5
2331,12
2332,5
2333,12
2334,2
2335,18
2336,18
2337,5
2338,8
2339,12
2340,12
2341,1
2342,4
2343,4
2344,11
2345,13
2346,0
2347,7
2348,1
2349,17
2350,11
2351,12
2352,11
2353,7
2354,0
2355,6
2356,2
2357,15
2358,16
2359,13
2360,13
2361,6
2362,5
2363,7
2364,0
2365,8
2366,6
2367,1
2368,7
2369,5
2370,10
2371,3
2372,16
2373,11
2374,10
2375,10
2376,3
2377,16
2378,4
2379,7
2380,13
2381,17
2382,4
2383,7
2384,10
2385,6
2386,9
2387,15
2388,11
2389,16
2390,15
2391,2
2392,17
2393,5
2394,2
2395,14
2396,6
2397,17
2398,19
2399,3
2400,12
2401,16
2402,0
2403,2
2404,11
2405,19
2406,2
2407,7
2408,11
2409,10
2410,10
2411,11
2412,15
2413,9
2414,7
2415,17
2416,0
2417,4
2418,10
2419,19
2420,16
2421,19
2422,16
2423,3
2424,0
2425,19
2426,10
2427,18
2428,12
2429,1
2430,5
2431,8
2432,1
2433,1
2434,7
2435,11
2436,10
2437,5
2438,18
2439,3
2440,4
2441,17
2442,10
2443,8
2444,15
2445,0
2446,3
2447,4
2448,15
2449,16
2450,4
2451,8
2452,2
2453,14
2454,5
2455,6
2456,1
2457,3
2458,9
2459,4
2460,5
2461,7
2462,11
2463,2
2464,12
2465,0
2466,2
2467,5
2468,1
2469,13
2470,19
2471,9
2472,1
2473,4
2474,5
2475,3
2476,19
2477,9
2478,16
2479,6
2480,11
2481,3
2482,3
2483,3
2484,12
2485,7
2486,6
2487,13
2488,12
2489,5
2490,18
2491,15
2492,11
2493,6
2494,11
2495,4
2496,7
2497,2
2498,2
2499,13
2500,16
2501,12
2502,8
2503,1
2504,15
2505,4
2506,11
2507,0
2508,16
2509,0
2510,9
2511,4
2512,7
2513,18
2514,5
2515,5
2516,1
2517,10
2518,9
2519,8
2520,8
2521,3
2522,7
2523,5
2524,9
2525,9
2526,3
2527,17
2528,12
2529,12
2530,0
2531,7
2532,2
2533,19
2534,14
2535,4
2536,11
2537,0
2538,17
2539,6
2540,4
2541,1
2542,1
2543,11
2544,12
2545,17
2546,6
2547,17
2548,13
2549,16
2550,14
2551,11
2552,1
2553,18
2554,7
2555,0
2556,7
2557,2
2558,17
2559,2
2560,16
2561,3
2562,7
2563,3
2564,0
2565,13
2566,12
2567,1
2568,10
2569,11
2570,0
2571,5
2572,9
2573,17
2574,17
2575,13
2576,3
2577,3
2578,1
2579,3
2580,4
2581,18
2582,5
2583,10
2584,7
2585,18
2586,11
2587,10
2588,12
2589,1
2590,15
2591,1
2592,18
2593,16
2594,1
2595,5
2596,8
2597,4
2598,19
2599,13
2600,0
2601,8
2602,10
2603,9
2604,0
2605,17
2606,8
2607,10
2608,15
2609,6
2610,9
2611,9
2612,8
2613,1
2614,12
2615,7
2616,1
2617,19
2618,9
2619,3
2620,1
2621,17
2622,19
2623,5
2624,14
2625,13
2626,8
2627,2
2628,10
2629,15
2630,8
2631,18
2632,15
2633,0
2634,6
2635,4
2636,14
2637,7
2638,12
2639,6
2640,11
2641,4
2642,4
2643,16
2644,5
2645,9
2646,3
2647,13
2648,7
2649,16
2650,12
2651,5
2652,13
2653,15
2654,18
2655,3
2656,7
2657,4
2658,6
2659,8
2660,12
2661,17
2662,3
2663,7
2664,7
2665,3
2666,16
2667,18
2668,10
2669,12
2670,11
2671,19
2672,17
2673,4
2674,8
2675,18
2676,5
2677,10
2678,7
2679,15
2680,15
2681,11
2682,5
2683,14
2684,12
2685,14
2686,8
2687,11
2688,16
2689,7
2690,5
2691,16
2692,1
2693,1
2694,0
2695,5
2696,4
2697,7
2698,0
2699,2
2700,6
2701,4
2702,10
2703,3
2704,4
2705,11
2706,19
2707,4
2708,18
2709,10
2710,0
2711,17
2712,7
2713,10
2714,5
2715,12
2716,3
2717,14
2718,4
2719,10
2720,1
2721,12
2722,13
2723,17
2724,18
2725,4
2726,4
2727,15
2728,14
2729,0
2730,18
2731,12
2732,0
2733,13
2734,4
2735,12
2736,13
2737,12
2738,13
2739,9
2740,5
2741,18
2742,5
2743,13
2744,17
2745,0
2746,3
2747,13
2748,4
2749,7
2750,11
2751,13
2752,8
2753,6
2754,2
2755,13
2756,2
2757,2
2758,6
2759,12
2760,8
2761,12
2762,14
2763,16
2764,12
2765,15
2766,2
2767,16
2768,18
2769,18
2770,4
2771,6
2772,15
2773,14
2774,14
2775,18
2776,19
2777,10
2778,5
2779,16
2780,5
2781,7
2782,16
2783,12
2784,3
2785,0
2786,11
2787,15
2788,8
2789,1
2790,1
2791,19
2792,10
2793,2
2794,16
2795,7
2796,7
2797,5
2798,15
2799,4
2800,14
2801,17
2802,7
2803,14
2804,15
2805,8
2806,10
2807,12
2808,1
2809,14
2810,1
2811,19
2812,16
2813,15
2814,5
2815,5
2816,14
2817,3
2818,18
2819,2
2820,12
2821,9
2822,18
2823,10
2824,6
2825,11
2826,12
2827,3
2828,9
2829,2
2830,13
2831,0
2832,13
2833,6
2834,7
2835,13
2836,5
2837,14
2838,9
2839,10
2840,15
2841,4
2842,16
2843,3
2844,1
2845,7
2846,5
2847,17
2848,5
2849,0
2850,5
2851,5
2852,10
2853,9
2854,10
2855,9
2856,8
2857,2
2858,10
2859,10
2860,19
2861,14
2862,15
2863,8
2864,14
2865,17
2866,2
2867,6
2868,6
2869,5
2870,13
2871,18
2872,1
2873,4
2874,15
2875,17
2876,11
2877,8
2878,6
2879,3
2880,6
2881,3
2882,3
2883,14
2884,16
2885,16
2886,0
2887,2
2888,13
2889,18
2890,4
2891,8
2892,10
2893,1
2894,16
2895,13
2896,3
2897,3
2898,10
2899,11
2900,17
2901,8
2902,8
2903,6
2904,9
2905,10
2906,2
2907,11
2908,3
2909,5
2910,16
2911,8
2912,14
2913,17
2914,14
2915,1
2916,19
2917,7
2918,18
2919,10
2920,9
2921,13
2922,10
2923,2
2924,18
2925,13
2926,3
2927,9
2928,8
2929,14
2930,16
2931,2
2932,7
2933,13
2934,6
2935,16
2936,9
2937,5
2938,7
2939,13
2940,8
2941,18
2942,7
2943,1
2944,8
2945,6
2946,11
2947,13
2948,7
2949,4
2950,14
2951,8
2952,8
2953,2
2954,11
2955,13
2956,17
2957,13
2958,13
2959,2
2960,18
2961,1
2962,3
2963,13
2964,10
2965,0
2966,2
2967,12
2968,12
2969,13
2970,19
2971,7
2972,15
2973,7
2974,10
2975,15
2976,19
2977,17
2978,13
2979,1
2980,2
2981,4
2982,11
2983,10
2984,15
2985,11
2986,4
2987,1
2988,16
2989,2
2990,5
2991,1
2992,14
2993,16
2994,17
2995,0
2996,12
2997,3
2998,18
2999,6
3000,17
3001,9
3002,17
3003,5
3004,1
3005,3
3006,19
3007,13
3008,5
3009,11
3010,19
3011,15
3012,6
3013,15
3014,12
3015,1
3016,14
3017,8
3018,14
3019,15
3020,6
3021,19
3022,6
3023,5
3024,19
3025,1
3026,6
3027,3
3028,14
3029,17
3030,15
3031,14
3032,17
3033,7
3034,16
3035,3
3036,11
3037,6
3038,12
3039,12
3040,15
3041,10
3042,7
3043,14
3044,14
3045,10
3046,1
3047,2
3048,13
3049,3
3050,2
3051,12
3052,13
3053,6
3054,3
3055,1
3056,9
3057,4
3058,9
3059,4
3060,5
3061,18
3062,8
3063,18
3064,15
3065,18
3066,13
3067,8
3068,9
3069,15
3070,14
3071,9
3072,6
3073,1
3074,14
3075,9
3076,15
3077,1
3078,2
3079,4
3080,3
3081,4
3082,8
3083,9
3084,2
3085,18
3086,6
3087,16
3088,1
3089,13
3090,14
3091,11
3092,12
3093,8
3094,1
3095,16
3096,14
3097,14
3098,6
3099,15
3100,17
3101,17
3102,8
3103,7
3104,9
3105,5
3106,4
3107,17
3108,4
3109,12
3110,7
3111,1
3112,7
3113,12
3114,12
3115,9
3116,10
3117,17
3118,2
3119,1
3120,1
3121,0
3122,6
3123,15
3124,1
3125,17
3126,5
3127,6
3128,9
3129,13
3130,5
3131,7
3132,13
3133,17
3134,16
3135,14
3136,17
3137,13
3138,0
3139,0
3140,4
3141,16
3142,0
3143,13
3144,17
3145,8
3146,8
3147,5
3148,3
3149,19
3150,10
3151,4
3152,17
3153,3
3154,9
3155,3
3156,0
3157,17
3158,1
3159,4
3160,5
3161,13
3162,10
3163,6
3164,18
3165,0
3166,15
3167,10
3168,2
3169,6
3170,11
3171,3
3172,0
3173,15
3174,2
3175,19
3176,5
3177,13
3178,6
3179,6
3180,19
3181,11
3182,16
3183,7
3184,18
3185,13
3186,6
3187,13
3188,3
3189,15
3190,0
3191,16
3192,19
3193,1
3194,6
3195,4
3196,16
3197,6
3198,2
3199,15
3200,17
3201,8
3202,14
3203,18
3204,18
3205,5
3206,18
3207,15
3208,13
3209,3
3210,18
3211,17
3212,19
3213,13
3214,14
3215,8
3216,15
3217,2
3218,1
3219,18
3220,11
3221,15
3222,14
3223,5
3224,1
3225,8
3226,7
3227,4
3228,16
3229,9
3230,2
3231,11
3232,11
3233,15
3234,18
3235,11
3236,11
3237,0
3238,13
3239,11
3240,9
3241,6
3242,9
3243,7
3244,15
3245,3
3246,3
3247,4
3248,15
3249,9
3250,12
3251,13
3252,18
3253,8
3254,1
3255,13
3256,8
3257,17
3258,19
3259,15
3260,3
3261,1
3262,19
3263,17
3264,1
3265,13
3266,10
3267,16
3268,5
3269,8
3270,11
3271,11
3272,14
3273,4
3274,8
3275,11
3276,14
3277,6
3278,14
3279,1
3280,15
3281,4
3282,17
3283,2
3284,8
3285,14
3286,15
3287,11
3288,3
3289,19
3290,8
3291,10
3292,12
3293,2
3294,14
3295,14
3296,14
3297,1
3298,9
3299,8
3300,6
3301,16
3302,6
3303,13
3304,16
3305,8
3306,13
3307,5
3308,15
3309,6
3310,1
3311,7
3312,6
3313,10
3314,2
3315,3
3316,18
3317,10
3318,9
3319,7
3320,17
3321,8
3322,18
3323,1
3324,6
3325,13
3326,18
3327,9
3328,14
3329,11
3330,13
3331,8
3332,3
3333,15
3334,4
3335,13
3336,9
3337,17
3338,8
3339,10
3340,17
3341,4
3342,17
3343,16
3344,19
3345,1
3346,2
3347,10
3348,13
3349,17
3350,19
3351,10
3352,9
3353,2
3354,9
3355,8
3356,17
3357,4
3358,14
3359,7
3360,12
3361,17
3362,6
3363,17
3364,1
3365,9
3366,9
3367,16
3368,8
3369,17
3370,1
3371,18
3372,5
3373,4
3374,2
3375,3
3376,9
3377,10
3378,18
3379,8
3380,3
3381,5
3382,11
3383,11
3384,18
3385,16
3386,7
3387,11
3388,7
3389,0
3390,3
3391,19
3392,10
3393,10
3394,11
3395,15
3396,13
3397,14
3398,14
3399,0
3400,15
3401,5
3402,14
3403,11
3404,5
3405,2
3406,5
3407,11
3408,1
3409,8
3410,11
3411,15
3412,12
3413,7
3414,6
3415,0
3416,13
3417,17
3418,18
3419,4
3420,7
3421,12
3422,3
3423,13
3424,8
3425,5
3426,0
3427,7
3428,19
3429,1
3430,11
3431,1
3432,10
3433,11
3434,1
3435,17
3436,12
3437,18
3438,0
3439,5
3440,13
3441,9
3442,7
3443,14
3444,1
3445,9
3446,10
3447,6
3448,2
3449,1
3450,7
3451,2
3452,15
3453,5
3454,2
3455,11
3456,10
3457,4
3458,10
3459,5
3460,8
3461,14
3462,5
3463,10
3464,17
3465,18
3466,6
3467,13
3468,1
3469,11
3470,9
3471,14
3472,7
3473,16
3474,14
3475,17
3476,12
3477,5
3478,18
3479,12
3480,14
3481,13
3482,2
3483,3
3484,9
3485,19
3486,0
3487,2
3488,8
3489,3
3490,11
3491,14
3492,4
3493,15
3494,6
3495,17
3496,1
3497,4
3498,8
3499,3
3500,18
3501,3
3502,5
3503,1
3504,2
3505,4
3506,8
3507,2
3508,11
3509,5
3510,12
3511,16
3512,6
3513,13
3514,16
3515,19
3516,9
3517,2
3518,16
3519,8
3520,10
3521,6
3522,3
3523,4
3524,10
3525,16
3526,3
3527,1
3528,0
3529,16
3530,9
3531,6
3532,12
3533,18
3534,14
3535,13
3536,16
3537,11
3538,17
3539,16
3540,0
3541,11
3542,18
3543,8
3544,3
3545,18
3546,2
3547,8
3548,2
3549,6
3550,7
3551,1
3552,11
3553,8
3554,4
3555,4
3556,15
3557,16
3558,1
3559,4
3560,0
3561,12
3562,6
3563,10
3564,14
3565,9
3566,7
3567,16
3568,19
3569,4
3570,14
3571,15
3572,18
3573,19
3574,15
3575,15
3576,10
3577,0
3578,15
3579,4
3580,0
3581,17
3582,6
3583,0
3584,1
3585,3
3586,13
3587,0
3588,5
3589,8
3590,12
3591,2
3592,19
3593,3
3594,10
3595,17
3596,18
3597,9
3598,18
3599,12
3600,18
3601,11
3602,7
3603,4
3604,6
3605,13
3606,3
3607,0
3608,9
3609,15
3610,17
3611,12
3612,0
3613,3
3614,12
3615,10
3616,19
3617,0
3618,10
3619,9
3620,4
3621,11
3622,4
3623,17
3624,10
3625,10
3626,14
3627,14
3628,13
3629,13
3630,1
3631,12
3632,4
3633,0
3634,15
3635,6
3636,12
3637,15
3638,12
3639,12
3640,15
3641,13
3642,19
3643,8
3644,10
3645,3
3646,8
3647,2
3648,19
3649,11
3650,9
3651,3
3652,13
3653,11
3654,13
3655,12
3656,10
3657,7
3658,1
3659,16
3660,15
3661,1
3662,5
3663,5
3664,10
3665,14
3666,11
3667,1
3668,12
3669,13
3670,12
3671,5
3672,18
3673,1
3674,12
3675,15
3676,14
3677,8
3678,7
3679,6
3680,5
3681,16
3682,4
3683,1
3684,11
3685,16
3686,8
3687,17
3688,18
3689,12
3690,6
3691,13
3692,15
3693,3
3694,17
3695,2
3696,1
3697,10
3698,5
3699,11
3700,10
3701,5
3702,12
3703,2
3704,19
3705,13
3706,10
3707,14
3708,11
3709,1
3710,11
3711,9
3712,8
3713,9
3714,3
3715,18
3716,2
3717,14
3718,3
3719,8
3720,14
3721,0
3722,13
3723,6
3724,18
3725,3
3726,10
3727,14
3728,18
3729,0
3730,7
3731,0
3732,18
3733,12
3734,14
3735,7
3736,11
3737,17
3738,19
3739,18
3740,0
3741,19
3742,11
3743,15
3744,3
3745,0
3746,18
3747,19
3748,8
3749,0
3750,6
3751,13
3752,14
3753,12
3754,17
3755,10
3756,4
3757,1
3758,12
3759,7
3760,10
3761,14
3762,1
3763,14
3764,3
3765,19
3766,14
3767,7
3768,2
3769,9
3770,18
3771,2
3772,3
3773,19
3774,15
3775,12
3776,17
3777,6
3778,7
3779,8
3780,6
3781,7
3782,1
3783,11
3784,16
3785,13
3786,1
3787,0
3788,7
3789,14
3790,2
3791,0
3792,15
3793,19
3794,6
3795,10
3796,5
3797,4
3798,4
3799,18
3800,16
3801,5
3802,5
3803,1
3804,12
3805,15
3806,10
3807,15
3808,13
3809,12
3810,19
3811,14
3812,5
3813,10
3814,3
3815,4
3816,19
3817,18
3818,14
3819,7
3820,5
3821,3
3822,8
3823,17
3824,17
3825,3
3826,12
3827,0
3828,2
3829,14
3830,12
3831,10
3832,3
3833,7
3834,18
3835,12
3836,14
3837,14
3838,15
3839,11
3840,14
3841,6
3842,2
3843,15
3844,11
3845,0
3846,11
3847,3
3848,8
3849,5
3850,5
3851,8
3852,8
3853,15
3854,9
3855,1
3856,16
3857,6
3858,5
3859,8
3860,7
3861,0
3862,18
3863,10
3864,1
3865,2
3866,13
3867,6
3868,3
3869,16
3870,10
3871,2
3872,15
3873,5
3874,2
3875,8
3876,13
3877,3
3878,4
3879,7
3880,1
3881,11
3882,13
3883,6
3884,14
3885,0
3886,7
3887,2
3888,13
3889,13
3890,1
3891,18
3892,10
3893,13
3894,8
3895,0
3896,15
3897,15
3898,7
3899,7
3900,16
3901,7
3902,19
3903,14
3904,11
3905,2
3906,0
3907,19
3908,11
3909,9
3910,8
3911,5
3912,2
3913,6
3914,11
3915,1
3916,12
3917,17
3918,18
3919,10
3920,15
3921,11
3922,12
3923,9
3924,11
3925,6
3926,13
3927,16
3928,17
3929,5
3930,8
3931,5
3932,11
3933,9
3934,8
3935,0
3936,19
3937,2
3938,11
3939,10
3940,8
3941,5
3942,4
3943,6
3944,10
3945,13
3946,7
3947,1
3948,12
3949,6
3950,3
3951,12
3952,15
3953,12
3954,6
3955,1
3956,18
3957,12
3958,12
3959,13
3960,9
3961,3
3962,9
3963,1
3964,16
3965,13
3966,1
3967,7
3968,12
3969,0
3970,10
3971,2
3972,3
3973,10
3974,2
3975,15
3976,5
3977,8
3978,8
3979,5
3980,14
3981,9
3982,9
3983,15
3984,7
3985,3
3986,17
3987,0
3988,9
3989,16
3990,14
3991,7
3992,11
3993,14
3994,8
3995,9
3996,1
3997,10
3998,0
3999,1
4000,12
4001,16
4002,5
4003,14
4004,17
4005,18
4006,18
4007,8
4008,0
4009,19
4010,5
4011,17
4012,10
4013,14
4014,5
4015,3
4016,13
4017,1
4018,5
4019,13
4020,18
4021,9
4022,13
4023,9
4024,18
4025,13
4026,3
4027,4
4028,1
4029,5
4030,15
4031,1
4032,9
4033,17
4034,11
4035,0
4036,10
4037,16
4038,15
4039,18
4040,9
4041,12
4042,1
4043,16
4044,7
4045,17
4046,13
4047,4
4048,14
4049,14
4050,11
4051,18
4052,3
4053,9
4054,3
4055,2
4056,7
4057,14
4058,4
4059,8
4060,8
4061,10
4062,1
4063,12
4064,10
4065,16
4066,18
4067,11
4068,16
4069,9
4070,9
4071,15
4072,18
4073,10
4074,11
4075,8
4076,3
4077,7
4078,10
4079,19
4080,2
4081,12
4082,13
4083,14
4084,8
4085,13
4086,1
4087,11
4088,14
4089,11
4090,2
4091,3
4092,8
4093,3
4094,0
4095,14
4096,2
4097,16
4098,5
4099,11
4100,11
4101,17
4102,9
4103,4
4104,17
4105,13
4106,15
4107,10
4108,6
4109,1
4110,12
4111,14
4112,5
4113,10
4114,11
4115,9
4116,12
4117,18
4118,12
4119,10
4120,2
4121,18
4122,13
4123,9
4124,15
4125,16
4126,18
4127,12
4128,0
4129,8
4130,0
4131,12
4132,15
4133,5
4134,14
4135,17
4136,6
4137,19
4138,12
4139,11
4140,5
4141,8
4142,4
4143,4
4144,17
4145,1
4146,9
4147,5
4148,18
4149,18
4150,0
4151,6
4152,10
4153,6
4154,18
4155,5
4156,10
4157,13
4158,11
4159,15
4160,13
4161,8
4162,10
4163,16
4164,9
4165,11
4166,1
4167,11
4168,6
4169,6
4170,15
4171,2
4172,5
4173,19
4174,13
4175,0
4176,8
4177,12
4178,7
4179,18
4180,5
4181,1
4182,0
4183,1
4184,11
4185,11
4186,2
4187,9
4188,8
4189,10
4190,11
4191,8
4192,16
4193,10
4194,6
4195,17
4196,7
4197,19
4198,1
4199,17
4200,10
4201,16
4202,7
4203,4
4204,0
4205,5
4206,8
4207,4
4208,1
4209,7
4210,8
4211,8
4212,9
4213,17
4214,9
4215,13
4216,12
4217,8
4218,0
4219,4
4220,16
4221,9
4222,8
4223,19
4224,18
4225,8
4226,9
4227,12
4228,8
4229,2
4230,2
4231,11
4232,3
4233,7
4234,5
4235,3
4236,14
4237,7
4238,12
4239,13
4240,9
4241,3
4242,13
4243,10
4244,6
4245,18
4246,7
4247,5
4248,12
4249,6
4250,12
4251,15
4252,9
4253,18
4254,3
4255,1
4256,9
4257,14
4258,6
4259,12
4260,10
4261,6
4262,9
4263,8
4264,15
4265,5
4266,16
4267,2
4268,7
4269,4
4270,12
4271,18
4272,9
4273,3
4274,2
4275,16
4276,14
4277,11
4278,6
4279,7
4280,5
4281,8
4282,14
4283,12
4284,3
4285,15
4286,10
4287,12
4288,17
4289,13
4290,2
4291,15
4292,5
4293,14
4294,9
4295,15
4296,12
4297,15
4298,12
4299,19
4300,11
4301,17
4302,5
4303,6
4304,0
4305,1
4306,12
4307,14
4308,11
4309,9
4310,11
4311,3
4312,14
4313,15
4314,14
4315,17
4316,0
4317,5
4318,18
4319,3
4320,2
4321,6
4322,11
4323,13
4324,16
4325,7
4326,4
4327,14
4328,4
4329,1
4330,8
4331,4
4332,3
4333,7
4334,3
4335,7
4336,12
4337,9
4338,17
4339,19
4340,1
4341,3
4342,17
4343,2
4344,19
4345,4
4346,17
4347,1
4348,4
4349,9
4350,16
4351,14
4352,9
4353,5
4354,9
4355,0
4356,7
4357,16
4358,4
4359,4
4360,6
4361,9
4362,15
4363,3
4364,12
4365,13
4366,4
4367,13
4368,11
4369,12
4370,3
4371,1
4372,1
4373,7
4374,3
4375,13
4376,17
4377,5
4378,13
4379,18
4380,9
4381,15
4382,17
4383,5
4384,7
4385,9
4386,14
4387,8
4388,18
4389,8
4390,3
4391,7
4392,4
4393,9
4394,1
4395,5
4396,12
4397,13
4398,8
4399,17
4400,16
4401,6
4402,3
4403,13
4404,17
4405,12
4406,5
4407,9
4408,8
4409,11
4410,4
4411,10
4412,12
4413,19
4414,2
4415,2
4416,18
4417,16
4418,2
4419,12
4420,0
4421,16
4422,16
4423,7
4424,12
4425,14
4426,0
4427,11
4428,19
4429,11
4430,1
4431,14
4432,3
4433,19
4434,15
4435,18
4436,11
4437,12
4438,11
4439,15
4440,1
4441,15
4442,14
4443,14
4444,14
4445,7
4446,12
4447,13
4448,15
4449,6
4450,9
4451,3
4452,8
4453,5
4454,17
4455,8
4456,7
4457,13
4458,1
4459,8
4460,16
4461,9
4462,4
4463,5
4464,18
4465,14
4466,10
4467,3
4468,17
4469,10
4470,8
4471,13
4472,6
4473,8
4474,6
4475,12
4476,1
4477,8
4478,4
4479,1
4480,10
4481,10
4482,1
4483,6
4484,6
4485,8
4486,19
4487,12
4488,4
4489,3
4490,9
4491,3
4492,8
4493,13
4494,19
4495,2
4496,3
4497,8
4498,11
4499,11
4500,14
4501,13
4502,18
4503,2
4504,14
4505,8
4506,7
4507,17
4508,2
4509,2
4510,5
4511,0
4512,4
4513,15
4514,6
4515,2
4516,6
4517,2
4518,5
4519,7
4520,8
4521,9
4522,19
4523,11
4524,10
4525,12
4526,17
4527,5
4528,5
4529,10
4530,14
4531,14
4532,1
4533,8
4534,2
4535,14
4536,0
4537,14
4538,18
4539,8
4540,12
4541,10
4542,4
4543,1
4544,9
4545,1
4546,8
4547,9
4548,17
4549,5
4550,6
4551,14
4552,14
4553,12
4554,8
4555,6
4556,5
4557,11
4558,2
4559,0
4560,9
4561,3
4562,15
4563,8
4564,17
4565,10
4566,4
4567,14
4568,9
4569,10
4570,14
4571,8
4572,3
4573,17
4574,9
4575,4
4576,10
4577,2
4578,17
4579,11
4580,17
4581,15
4582,10
4583,1
4584,11
4585,16
4586,0
4587,4
4588,13
4589,1
4590,4
4591,11
4592,4
4593,6
4594,6
4595,14
4596,0
4597,8
4598,9
4599,10
4600,7
4601,5
4602,18
4603,11
4604,11
4605,6
4606,12
4607,15
4608,15
4609,4
4610,11
4611,5
4612,2
4613,7
4614,5
4615,2
4616,4
4617,5
4618,0
4619,13
4620,16
4621,1
4622,0
4623,18
4624,17
4625,14
4626,15
4627,7
4628,7
4629,10
4630,17
4631,3
4632,17
4633,5
4634,11
4635,5
4636,6
4637,8
4638,16
4639,5
4640,19
4641,13
4642,2
4643,5
4644,6
4645,13
4646,0
4647,14
4648,6
4649,13
4650,1
4651,12
4652,4
4653,8
4654,10
4655,0
4656,12
4657,14
4658,3
4659,7
4660,10
4661,7
4662,0
4663,15
4664,12
4665,3
4666,5
4667,6
4668,7
4669,12
4670,5
4671,19
4672,10
4673,2
4674,4
4675,13
4676,3
4677,2
4678,6
4679,5
4680,11
4681,0
4682,11
4683,4
4684,18
4685,8
4686,11
4687,16
4688,1
4689,17
4690,11
4691,1
4692,9
4693,4
4694,9
4695,10
4696,18
4697,10
4698,15
4699,16
4700,17
4701,2
4702,18
4703,15
4704,4
4705,1
4706,14
4707,4
4708,7
4709,6
4710,3
4711,0
4712,12
4713,15
4714,10
4715,1
4716,2
4717,11
4718,0
4719,4
4720,12
4721,5
4722,19
4723,11
4724,5
4725,9
4726,3
4727,6
4728,1
4729,19
4730,6
4731,7
4732,18
4733,14
4734,9
4735,19
4736,4
4737,5
4738,13
4739,7
4740,7
4741,17
4742,4
4743,9
4744,18
4745,8
4746,2
4747,16
4748,11
4749,3
4750,14
4751,10
4752,2
4753,2
4754,4
4755,6
4756,10
4757,7
4758,13
4759,14
4760,16
4761,13
4762,16
4763,7
4764,8
4765,6
4766,16
4767,14
4768,8
4769,12
4770,3
4771,4
4772,2
4773,14
4774,3
4775,3
4776,17
4777,18
4778,4
4779,12
4780,0
4781,10
4782,1
4783,10
4784,6
4785,15
4786,0
4787,6
4788,7
4789,14
4790,12
4791,11
4792,11
4793,16
4794,2
4795,12
4796,6
4797,13
4798,5
4799,9
4800,15
4801,4
4802,11
4803,15
4804,1
4805,19
4806,18
4807,2
4808,2
4809,18
4810,16
4811,18
4812,3
4813,7
4814,13
4815,14
4816,19
4817,3
4818,10
4819,13
4820,13
4821,16
4822,3
4823,9
4824,3
4825,10
4826,4
4827,13
4828,13
4829,6
4830,18
4831,17
4832,13
4833,17
4834,17
4835,9
4836,12
4837,10
4838,11
4839,2
4840,14
4841,8
4842,3
4843,9
4844,12
4845,12
4846,16
4847,2
4848,7
4849,8
4850,6
4851,6
4852,13
4853,16
4854,11
4855,14
4856,14
4857,14
4858,19
4859,1
4860,9
4861,19
4862,7
4863,19
4864,9
4865,6
4866,11
4867,12
4868,19
4869,11
4870,15
4871,9
4872,2
4873,4
4874,17
4875,17
4876,19
4877,15
4878,4
4879,14
4880,3
4881,19
4882,3
4883,7
4884,15
4885,0
4886,0
4887,2
4888,8
4889,2
4890,10
4891,13
4892,0
4893,16
4894,4
4895,5
4896,6
4897,4
4898,3
4899,11
4900,0
4901,12
4902,4
4903,6
4904,18
4905,6
4906,10
4907,11
4908,5
4909,2
4910,0
4911,16
4912,6
4913,1
4914,12
4915,13
4916,15
4917,6
4918,17
4919,3
4920,19
4921,14
4922,6
4923,4
4924,18
4925,10
4926,3
4927,3
4928,13
4929,10
4930,8
4931,14
4932,12
4933,12
4934,0
4935,3
4936,1
4937,8
4938,6
4939,9
4940,2
4941,13
4942,5
4943,10
4944,10
4945,3
4946,13
4947,2
4948,12
4949,16
4950,12
4951,6
4952,12
4953,1
4954,11
4955,11
4956,11
4957,14
4958,5
4959,8
4960,6
4961,9
4962,11
4963,6
4964,6
4965,4
4966,1
4967,15
4968,16
4969,8
4970,0
4971,4
4972,9
4973,13
4974,5
4975,8
4976,14
4977,12
4978,13
4979,18
4980,0
4981,15
4982,6
4983,7
4984,7
4985,7
4986,14
4987,17
4988,13
4989,2
4990,12
4991,2
4992,5
4993,5
4994,5
4995,0
4996,13
4997,0
4998,7
4999,8
5000,0
5001,15
5002,16
5003,2
5004,15
5005,7
5006,0
5007,10
5008,9
5009,4
5010,12
5011,14
5012,0
5013,4
5014,3
5015,6
5016,19
5017,3
5018,2
5019,2
5020,16
5021,16
5022,17
5023,17
5024,13
5025,15
5026,4
5027,17
5028,7
5029,2
5030,14
5031,10
5032,12
5033,4
5034,13
5035,10
5036,18
5037,5
5038,13
5039,9
5040,14
5041,17
5042,5
5043,3
5044,16
5045,2
5046,3
5047,2
5048,8
5049,14
5050,17
5051,16
5052,14
5053,12
5054,5
5055,3
5056,6
5057,12
5058,11
5059,4
5060,16
5061,6
5062,14
5063,8
5064,10
5065,13
5066,14
5067,12
5068,17
5069,12
5070,3
5071,14
5072,5
5073,10
5074,0
5075,0
5076,4
5077,3
5078,4
5079,1
5080,10
5081,0
5082,1
5083,5
5084,0
5085,1
5086,17
5087,13
5088,5
5089,3
5090,2
5091,1
5092,4
5093,13
5094,1
5095,19
5096,19
5097,4
5098,15
5099,15
5100,9
5101,14
5102,4
5103,1
5104,7
5105,9
5106,2
5107,3
5108,3
5109,19
5110,19
5111,17
5112,11
5113,3
5114,12
5115,12
5116,12
5117,19
5118,16
5119,10
5120,16
5121,5
5122,11
5123,14
5124,2
5125,14
5126,17
5127,1
5128,17
5129,2
5130,11
5131,10
5132,5
5133,7
5134,12
5135,7
5136,18
5137,14
5138,15
5139,3
5140,1
5141,16
5142,5
5143,18
5144,11
5145,4
5146,8
5147,5
5148,7
5149,9
5150,15
5151,7
5152,4
5153,18
5154,1
5155,17
5156,3
5157,2
5158,11
5159,18
5160,2
5161,10
5162,12
5163,19
5164,10
5165,0
5166,12
5167,7
5168,5
5169,13
5170,14
5171,7
5172,14
5173,9
5174,17
5175,5
5176,7
5177,8
5178,5
5179,3
5180,7
5181,0
5182,1
5183,16
5184,7
5185,6
5186,9
5187,10
5188,13
5189,16
5190,13
5191,7
5192,6
5193,4
5194,12
5195,10
5196,3
5197,12
5198,5
5199,3
5200,0
5201,3
5202,7
5203,6
5204,13
5205,7
5206,7
5207,14
5208,14
5209,0
5210,18
5211,18
5212,17
5213,15
5214,9
5215,14
5216,10
5217,12
5218,12
5219,5
5220,18
5221,1
5222,0
5223,5
5224,8
5225,3
5226,8
5227,9
5228,6
5229,9
5230,1
5231,6
5232,10
5233,4
5234,9
5235,5
5236,3
5237,12
5238,17
5239,7
5240,10
5241,8
5242,8
5243,8
5244,0
5245,8
5246,12
5247,18
5248,6
5249,8
5250,4
5251,6
5252,10
5253,19
5254,0
5255,19
5256,15
5257,8
5258,17
5259,6
5260,3
5261,14
5262,3
5263,0
5264,15
5265,5
5266,3
5267,13
5268,14
5269,2
5270,1
5271,12
5272,7
5273,4
5274,12
5275,6
5276,17
5277,10
5278,16
5279,12
5280,4
5281,5
5282,7
5283,12
5284,1
5285,15
5286,19
5287,11
5288,3
5289,9
5290,9
5291,5
5292,9
5293,18
5294,17
5295,1
5296,12
5297,5
5298,4
5299,0
5300,8
5301,13
5302,2
5303,12
5304,14
5305,4
5306,1
5307,16
5308,8
5309,19
5310,16
5311,9
5312,2
5313,6
5314,4
5315,7
5316,15
5317,6
5318,4
5319,6
5320,15
5321,8
5322,19
5323,9
5324,14
5325,9
5326,9
5327,14
5328,1
5329,5
5330,8
5331,11
5332,17
5333,2
5334,10
5335,17
5336,17
5337,7
5338,16
5339,4
5340,0
5341,9
5342,17
5343,6
5344,15
5345,1
5346,19
5347,2
5348,1
5349,8
5350,14
5351,3
5352,2
5353,17
5354,6
5355,16
5356,14
5357,2
5358,8
5359,11
5360,10
5361,8
5362,12
5363,5
5364,15
5365,12
5366,10
5367,0
5368,13
5369,1
5370,0
5371,7
5372,7
5373,3
5374,4
5375,2
5376,14
5377,8
5378,15
5379,5
5380,18
5381,13
5382,15
5383,3
5384,1
5385,16
5386,11
5387,13
5388,6
5389,13
5390,0
5391,1
5392,6
5393,10
5394,17
5395,17
5396,17
5397,9
5398,9
5399,17
5400,7
5401,1
5402,13
5403,5
5404,3
5405,1
5406,11
5407,11
5408,3
5409,2
5410,8
5411,1
5412,3
5413,12
5414,2
5415,19
5416,4
5417,10
5418,18
5419,16
5420,10
5421,12
5422,18
5423,17
5424,19
5425,1
5426,8
5427,17
5428,7
5429,7
5430,6
5431,16
5432,1
5433,5
5434,15
5435,3
5436,14
5437,6
5438,7
5439,9
5440,4
5441,15
5442,10
5443,14
5444,13
5445,9
5446,18
5447,13
5448,17
5449,11
5450,5
5451,5
5452,15
5453,8
5454,17
5455,3
5456,13
5457,0
5458,8
5459,18
5460,16
5461,8
5462,3
5463,12
5464,3
5465,2
5466,1
5467,16
5468,1
5469,5
5470,3
5471,11
5472,10
5473,5
5474,17
5475,2
5476,6
5477,5
5478,17
5479,11
5480,11
5481,8
5482,3
5483,17
5484,11
5485,11
5486,18
5487,17
5488,7
5489,3
5490,10
5491,9
5492,12
5493,12
5494,19
5495,4
5496,8
5497,7
5498,12
5499,4
5500,15
5501,1
5502,13
5503,11
5504,4
5505,12
5506,9
5507,8
5508,13
5509,4
5510,6
5511,13
5512,10
5513,16
5514,1
5515,1
5516,18
5517,15
5518,8
5519,14
5520,19
5521,2
5522,19
5523,17
5524,5
5525,5
5526,18
5527,16
5528,11
5529,4
5530,4
5531,6
5532,10
5533,12
5534,16
5535,19
5536,15
5537,13
5538,17
5539,9
5540,1
5541,4
5542,6
5543,3
5544,18
5545,15
5546,13
5547,1
5548,18
5549,0
5550,12
5551,2
5552,16
5553,7
5554,9
5555,11
5556,5
5557,13
5558,5
5559,15
5560,5
5561,6
5562,17
5563,10
5564,8
5565,14
5566,6
5567,18
5568,0
5569,4
5570,15
5571,6
5572,15
5573,16
5574,15
5575,8
5576,11
5577,15
5578,2
5579,13
5580,14
5581,14
5582,6
5583,8
5584,15
5585,3
5586,13
5587,11
5588,2
5589,18
5590,16
5591,7
5592,8
5593,4
5594,4
5595,4
5596,16
5597,9
5598,7
5599,14
5600,12
5601,15
5602,15
5603,17
5604,6
5605,15
5606,6
5607,2
5608,13
5609,19
5610,5
5611,17
5612,11
5613,15
5614,6
5615,1
5616,19
5617,4
5618,6
5619,15
5620,14
5621,4
5622,17
5623,12
5624,4
5625,8
5626,6
5627,5
5628,3
5629,7
5630,2
5631,14
5632,8
5633,9
5634,10
5635,4
5636,2
5637,12
5638,12
5639,9
5640,11
5641,0
5642,13
5643,0
5644,5
5645,13
5646,13
5647,15
5648,5
5649,7
5650,10
5651,8
5652,12
5653,5
5654,8
5655,19
5656,7
5657,16
5658,11
5659,2
5660,4
5661,12
5662,7
5663,13
5664,16
5665,3
5666,6
5667,6
5668,13
5669,8
5670,12
5671,3
5672,18
5673,8
5674,16
5675,6
5676,2
5677,3
5678,0
5679,2
5680,17
5681,5
5682,16
5683,12
5684,12
5685,8
5686,6
5687,8
5688,5
5689,9
5690,17
5691,7
5692,10
5693,5
5694,12
5695,18
5696,15
5697,11
5698,19
5699,0
5700,8
5701,8
5702,7
5703,3
5704,1
5705,15
5706,6
5707,17
5708,6
5709,15
5710,9
5711,11
5712,9
5713,10
5714,4
5715,17
5716,7
5717,2
5718,10
5719,10
5720,13
5721,7
5722,6
5723,4
5724,7
5725,15
5726,9
5727,6
5728,15
5729,14
5730,6
5731,6
5732,2
5733,11
5734,9
5735,8
5736,18
5737,5
5738,0
5739,1
5740,17
5741,0
5742,10
5743,10
5744,16
5745,13
5746,15
5747,10
5748,7
5749,7
5750,4
5751,16
5752,7
5753,3
5754,11
5755,1
5756,13
5757,1
5758,10
5759,17
5760,13
5761,1
5762,17
5763,3
5764,6
5765,15
5766,0
5767,18
5768,8
5769,7
5770,17
5771,16
5772,5
5773,1
5774,4
5775,17
5776,15
5777,2
5778,17
5779,1
5780,10
5781,10
5782,9
5783,10
5784,8
5785,10
5786,3
5787,17
5788,13
5789,0
5790,10
5791,9
5792,6
5793,15
5794,19
5795,6
5796,3
5797,11
5798,9
5799,1
5800,15
5801,17
5802,9
5803,13
5804,8
5805,6
5806,2
5807,14
5808,4
5809,9
5810,19
5811,8
5812,11
5813,14
5814,0
5815,4
5816,18
5817,7
5818,16
5819,3
5820,18
5821,1
5822,16
5823,9
5824,15
5825,17
5826,15
5827,5
5828,17
5829,17
5830,4
5831,15
5832,9
5833,17
5834,6
5835,7
5836,19
5837,13
5838,16
5839,12
5840,18
5841,12
5842,16
5843,2
5844,11
5845,15
5846,14
5847,3
5848,19
5849,9
5850,10
5851,7
5852,18
5853,11
5854,13
5855,1
5856,11
5857,3
5858,13
5859,16
5860,8
5861,8
5862,5
5863,6
5864,15
5865,1
5866,11
5867,3
5868,13
5869,6
5870,8
5871,4
5872,5
5873,4
5874,16
5875,17
5876,16
5877,14
5878,11
5879,9
5880,14
5881,9
5882,0
5883,10
5884,9
5885,15
5886,14
5887,6
5888,6
5889,6
5890,5
5891,17
5892,17
5893,7
5894,17
5895,16
5896,6
5897,2
5898,11
5899,16
5900,13
5901,6
5902,11
5903,14
5904,11
5905,1
5906,12
5907,12
5908,12
5909,9
5910,6
5911,0
5912,13
5913,17
5914,12
5915,4
5916,17
5917,3
5918,9
5919,11
5920,14
5921,16
5922,12
5923,16
5924,17
5925,9
5926,19
5927,3
5928,4
5929,14
5930,9
5931,19
5932,17
5933,1
5934,3
5935,3
5936,1
5937,18
5938,19
5939,14
5940,3
5941,4
5942,3
5943,0
5944,12
5945,16
5946,3
5947,12
5948,11
5949,11
5950,18
5951,16
5952,1
5953,0
5954,9
5955,4
5956,6
5957,11
5958,19
5959,3
5960,8
5961,18
5962,6
5963,9
5964,10
5965,3
5966,19
5967,3
5968,0
5969,14
5970,0
5971,3
5972,2
5973,12
5974,15
5975,13
5976,11
5977,2
5978,11
5979,5
5980,10
5981,4
5982,17
5983,17
5984,17
5985,1
5986,15
5987,12
5988,16
5989,11
5990,5
5991,10
5992,13
5993,18
5994,10
5995,8
5996,11
5997,9
5998,18
5999,16
6000,16
6001,8
6002,2
6003,13
6004,2
6005,11
6006,8
6007,5
6008,0
6009,16
6010,2
6011,19
6012,9
6013,19
6014,10
6015,11
6016,6
6017,12
6018,15
6019,15
6020,15
6021,13
6022,13
6023,16
6024,2
6025,8
6026,7
6027,13
6028,14
6029,3
6030,5
6031,6
6032,9
6033,13
6034,11
6035,9
6036,1
6037,13
6038,11
6039,5
6040,3
6041,5
6042,8
6043,18
6044,5
6045,2
6046,13
6047,5
6048,6
6049,16
6050,14
6051,5
6052,16
6053,16
6054,8
6055,18
6056,12
6057,1
6058,13
6059,5
6060,9
6061,19
6062,2
6063,17
6064,0
6065,16
6066,15
6067,7
6068,11
6069,4
6070,5
6071,9
6072,2
6073,10
6074,4
6075,5
6076,19
6077,16
6078,8
6079,3
6080,16
6081,18
6082,1
6083,16
6084,2
6085,11
6086,0
6087,5
6088,11
6089,18
6090,12
6091,2
6092,17
6093,8
6094,18
6095,11
6096,5
6097,18
6098,10
6099,5
6100,13
6101,19
6102,4
6103,3
6104,18
6105,5
6106,12
6107,18
6108,14
6109,8
6110,8
6111,15
6112,19
6113,5
6114,12
6115,8
6116,11
6117,5
6118,18
6119,0
6120,10
6121,5
6122,6
6123,9
6124,15
6125,10
6126,13
6127,7
6128,2
6129,7
6130,18
6131,3
6132,6
6133,9
6134,1
6135,5
6136,15
6137,2
6138,9
6139,3
6140,1
6141,7
6142,1
6143,14
6144,9
6145,2
6146,19
6147,9
6148,14
6149,8
6150,9
6151,5
6152,8
6153,5
6154,17
6155,5
6156,9
6157,10
6158,12
6159,14
6160,3
6161,12
6162,13
6163,13
6164,12
6165,10
6166,11
6167,8
6168,4
6169,16
6170,15
6171,0
6172,4
6173,19
6174,17
6175,8
6176,7
6177,19
6178,12
6179,1
6180,1
6181,7
6182,10
6183,2
6184,12
6185,17
6186,17
6187,5
6188,3
6189,13
6190,18
6191,9
6192,14
6193,4
6194,13
6195,2
6196,16
6197,1
6198,18
6199,13
6200,3
6201,19
6202,0
6203,13
6204,6
6205,5
6206,7
6207,8
6208,4
6209,14
6210,13
6211,5
6212,16
6213,14
6214,17
6215,5
6216,3
6217,14
6218,10
6219,9
6220,14
6221,4
6222,19
6223,18
6224,7
6225,13
6226,11
6227,14
6228,2
6229,5
6230,12
6231,7
6232,8
6233,8
6234,18
6235,10
6236,14
6237,3
6238,18
6239,8
6240,15
6241,10
6242,2
6243,11
6244,16
6245,9
6246,17
6247,16
6248,12
6249,13
6250,19
6251,1
6252,9
6253,1
6254,9
6255,1
6256,14
6257,0
6258,1
6259,17
6260,9
6261,16
6262,4
6263,18
6264,14
6265,1
6266,3
6267,15
6268,7
6269,9
6270,6
6271,1
6272,16
6273,16
6274,7
6275,2
6276,15
6277,9
6278,6
6279,14
6280,10
6281,9
6282,4
6283,11
6284,8
6285,7
6286,8
6287,3
6288,7
6289,2
6290,15
6291,17
6292,9
6293,9
6294,18
6295,12
6296,9
6297,14
6298,9
6299,8
6300,6
6301,11
6302,4
6303,8
6304,7
6305,1
6306,4
6307,15
6308,2
6309,7
6310,19
6311,1
6312,7
6313,17
6314,17
6315,13
6316,14
6317,1
6318,2
6319,4
6320,10
6321,10
6322,17
6323,8
6324,2
6325,1
6326,9
6327,17
6328,16
6329,9
6330,6
6331,0
6332,2
6333,9
6334,6
6335,10
6336,5
6337,9
6338,1
6339,3
6340,15
6341,17
6342,15
6343,1
6344,15
6345,8
6346,18
6347,1
6348,3
6349,9
6350,14
6351,14
6352,19
6353,5
6354,9
6355,4
6356,15
6357,3
6358,9
6359,6
6360,19
6361,10
6362,3
6363,12
6364,4
6365,7
6366,2
6367,4
6368,10
6369,14
6370,3
6371,7
6372,9
6373,19
6374,7
6375,9
6376,0
6377,0
6378,16
6379,6
6380,17
6381,18
6382,15
6383,10
6384,5
6385,11
6386,3
6387,14
6388,16
6389,2
6390,16
6391,15
6392,10
6393,4
6394,12
6395,16
6396,3
6397,8
6398,14
6399,4
6400,13
6401,12
6402,11
6403,15
6404,1
6405,2
6406,2
6407,16
6408,16
6409,1
6410,0
6411,19
6412,19
6413,4
6414,6
6415,4
6416,10
6417,4
6418,7
6419,0
6420,2
6421,18
6422,1
6423,13
6424,8
6425,1
6426,14
6427,2
6428,7
6429,5
6430,10
6431,5
6432,15
6433,0
6434,3
6435,1
6436,15
6437,17
6438,15
6439,10
6440,11
6441,8
6442,17
6443,11
6444,9
6445,10
6446,3
6447,4
6448,0
6449,13
6450,1
6451,19
6452,12
6453,2
6454,14
6455,12
6456,16
6457,8
6458,15
6459,16
6460,14
6461,12
6462,17
6463,16
6464,3
6465,2
6466,3
6467,0
6468,5
6469,10
6470,12
6471,13
6472,16
6473,14
6474,16
6475,17
6476,6
6477,3
6478,3
6479,3
6480,9
6481,3
6482,19
6483,6
6484,14
6485,15
6486,1
6487,4
6488,4
6489,8
6490,4
6491,13
6492,0
6493,2
6494,2
6495,19
6496,14
6497,15
6498,1
6499,2
6500,0
6501,4
6502,1
6503,9
6504,4
6505,6
6506,15
6507,1
6508,15
6509,11
6510,7
6511,6
6512,13
6513,9
6514,12
6515,2
6516,0
6517,12
6518,14
6519,3
6520,3
6521,0
6522,16
6523,1
6524,3
6525,1
6526,14
6527,17
6528,13
6529,1
6530,10
6531,13
6532,15
6533,2
6534,10
6535,11
6536,10
6537,16
6538,16
6539,17
6540,15
6541,6
6542,2
6543,16
6544,7
6545,12
6546,5
6547,8
6548,14
6549,2
6550,9
6551,11
6552,19
6553,4
6554,1
6555,4
6556,19
6557,6
6558,2
6559,3
6560,5
6561,4
6562,11
6563,15
6564,4
6565,13
6566,13
6567,18
6568,14
6569,13
6570,5
6571,4
6572,14
6573,11
6574,18
6575,2
6576,14
6577,9
6578,14
6579,4
6580,7
6581,7
6582,19
6583,1
6584,7
6585,8
6586,14
6587,10
6588,3
6589,15
6590,11
6591,3
6592,12
6593,8
6594,11
6595,3
6596,15
6597,0
6598,15
6599,15
6600,19
6601,6
6602,18
6603,16
6604,1
6605,3
6606,6
6607,14
6608,19
6609,18
6610,13
6611,5
6612,1
6613,17
6614,2
6615,14
6616,7
6617,10
6618,1
6619,9
6620,14
6621,16
6622,9
6623,5
6624,4
6625,7
6626,3
6627,8
6628,4
6629,17
6630,5
6631,6
6632,8
6633,9
6634,9
6635,18
6636,19
6637,2
6638,12
6639,13
6640,4
6641,3
6642,12
6643,9
6644,1
6645,12
6646,8
6647,4
6648,10
6649,13
6650,0
6651,0
6652,11
6653,3
6654,12
6655,18
6656,12
6657,5
6658,15
6659,3
6660,1
6661,3
6662,17
6663,0
6664,12
6665,3
6666,5
6667,6
6668,10
6669,10
6670,4
6671,16
6672,7
6673,3
6674,4
6675,0
6676,3
6677,13
6678,5
6679,9
6680,6
6681,9
6682,18
6683,10
6684,18
6685,14
6686,4
6687,4
6688,3
6689,13
6690,9
6691,11
6692,7
6693,4
6694,1
6695,13
6696,7
6697,3
6698,17
6699,8
6700,15
6701,12
6702,3
6703,1
6704,14
6705,11
6706,19
6707,14
6708,16
6709,4
6710,1
6711,0
6712,4
6713,4
6714,17
6715,18
6716,2
6717,1
6718,10
6719,1
6720,3
6721,12
6722,17
6723,1
6724,8
6725,7
6726,13
6727,4
6728,8
6729,2
6730,16
6731,11
6732,1
6733,6
6734,12
6735,0
6736,7
6737,14
6738,18
6739,2
6740,0
6741,5
6742,18
6743,6
6744,12
6745,18
6746,19
6747,13
6748,5
6749,10
6750,18
6751,18
6752,16
6753,2
6754,11
6755,9
6756,2
6757,16
6758,2
6759,6
6760,13
6761,2
6762,5
6763,4
6764,3
6765,11
6766,1
6767,6
6768,1
6769,4
6770,11
6771,1
6772,4
6773,7
6774,16
6775,3
6776,15
6777,5
6778,18
6779,8
6780,12
6781,16
6782,9
6783,17
6784,12
6785,9
6786,13
6787,11
6788,5
6789,12
6790,13
6791,16
6792,16
6793,13
6794,13
6795,8
6796,4
6797,15
6798,2
6799,3
6800,18
6801,2
6802,14
6803,9
6804,2
6805,12
6806,11
6807,17
6808,15
6809,15
6810,6
6811,9
6812,1
6813,15
6814,13
6815,12
6816,1
6817,14
6818,8
6819,7
6820,5
6821,6
6822,12
6823,5
6824,14
6825,11
6826,6
6827,10
6828,10
6829,14
6830,5
6831,4
6832,2
6833,15
6834,5
6835,12
6836,17
6837,5
6838,6
6839,10
6840,6
6841,7
6842,5
6843,8
6844,17
6845,15
6846,15
6847,1
6848,9
6849,19
6850,18
6851,15
6852,6
6853,2
6854,7
6855,3
6856,13
6857,13
6858,4
6859,10
6860,6
6861,1
6862,5
6863,18
6864,2
6865,3
6866,12
6867,12
6868,5
6869,14
6870,1
6871,7
6872,9
6873,0
6874,3
6875,11
6876,5
6877,10
6878,6
6879,9
6880,18
6881,11
6882,4
6883,13
6884,0
6885,18
6886,15
6887,16
6888,16
6889,8
6890,2
6891,10
6892,12
6893,12
6894,16
6895,8
6896,10
6897,17
6898,4
6899,10
6900,6
6901,12
6902,10
6903,8
6904,2
6905,18
6906,5
6907,10
6908,14
6909,0
6910,15
6911,11
6912,9
6913,18
6914,11
6915,10
6916,16
6917,7
6918,8
6919,9
6920,17
6921,1
6922,1
6923,4
6924,8
6925,13
6926,3
6927,3
6928,9
6929,11
6930,10
6931,13
6932,0
6933,18
6934,1
6935,11
6936,1
6937,17
6938,12
6939,16
6940,7
6941,14
6942,3
6943,6
6944,14
6945,5
6946,4
6947,1
6948,8
6949,14
6950,11
6951,15
6952,19
6953,11
6954,17
6955,19
6956,17
6957,14
6958,17
6959,5
6960,5
6961,3
6962,15
6963,1
6964,14
6965,2
6966,7
6967,10
6968,18
6969,5
6970,3
6971,19
6972,5
6973,9
6974,7
6975,4
6976,5
6977,10
6978,5
6979,12
6980,10
6981,3
6982,16
6983,12
6984,17
6985,10
6986,13
6987,1
6988,11
6989,2
6990,5
6991,17
6992,17
6993,2
6994,2
6995,17
6996,8
6997,7
6998,5
6999,7
7000,4
7001,7
7002,13
7003,10
7004,5
7005,14
7006,14
7007,11
7008,16
7009,1
7010,10
7011,13
7012,17
7013,10
7014,2
7015,10
7016,17
7017,16
7018,1
7019,0
7020,9
7021,7
7022,3
7023,8
7024,3
7025,13
7026,9
7027,5
7028,6
7029,9
7030,12
7031,1
7032,15
7033,9
7034,10
7035,2
7036,15
7037,12
7038,16
7039,14
7040,5
7041,11
7042,8
7043,13
7044,19
7045,9
7046,15
7047,18
7048,18
7049,1
7050,16
7051,14
7052,6
7053,11
7054,0
7055,6
7056,15
7057,2
7058,6
7059,7
7060,14
7061,8
7062,2
7063,5
7064,14
7065,2
7066,7
7067,1
7068,18
7069,2
7070,10
7071,9
7072,7
7073,12
7074,5
7075,0
7076,18
7077,2
7078,1
7079,13
7080,3
7081,1
7082,12
7083,2
7084,4
7085,15
7086,5
7087,10
7088,9
7089,4
7090,4
7091,3
7092,4
7093,3
7094,5
7095,10
7096,12
7097,0
7098,3
7099,6
7100,15
7101,15
7102,16
7103,4
7104,14
7105,5
7106,13
7107,4
7108,13
7109,8
7110,14
7111,12
7112,11
7113,7
7114,3
7115,17
7116,10
7117,11
7118,16
7119,3
7120,11
7121,19
7122,1
7123,19
7124,7
7125,19
7126,3
7127,15
7128,5
7129,8
7130,13
7131,8
7132,7
7133,4
7134,3
7135,14
7136,17
7137,16
7138,0
7139,18
7140,5
7141,17
7142,19
7143,14
7144,16
7145,0
7146,14
7147,3
7148,10
7149,11
7150,11
7151,11
7152,18
7153,13
7154,15
7155,16
7156,11
7157,4
7158,1
7159,12
7160,10
7161,2
7162,16
7163,18
7164,12
7165,6
7166,8
7167,7
7168,2
7169,8
7170,4
7171,19
7172,2
7173,9
7174,8
7175,7
7176,5
7177,14
7178,0
7179,15
7180,12
7181,15
7182,9
7183,18
7184,16
7185,17
7186,11
7187,10
7188,15
7189,1
7190,11
7191,17
7192,15
7193,5
7194,18
7195,10
7196,11
7197,15
7198,1
7199,1
7200,18
7201,0
7202,12
7203,4
7204,11
7205,0
7206,9
7207,18
7208,13
7209,11
7210,6
7211,19
7212,8
7213,13
7214,14
7215,11
7216,13
7217,17
7218,7
7219,0
7220,7
7221,14
7222,17
7223,7
7224,12
7225,9
7226,4
7227,9
7228,14
7229,17
7230,12
7231,7
7232,9
7233,8
7234,14
7235,9
7236,17
7237,8
7238,15
7239,4
7240,17
7241,6
7242,19
7243,13
7244,8
7245,17
7246,3
7247,2
7248,16
7249,11
7250,13
7251,5
7252,13
7253,6
7254,0
7255,12
7256,4
7257,15
7258,3
7259,14
7260,0
7261,0
7262,6
7263,4
7264,2
7265,13
7266,3
7267,12
7268,12
7269,8
7270,10
7271,6
7272,7
7273,10
7274,16
7275,13
7276,7
7277,10
7278,19
7279,1
7280,0
7281,19
7282,1
7283,3
7284,3
7285,13
7286,17
7287,7
7288,17
7289,17
7290,2
7291,16
7292,8
7293,8
7294,3
7295,2
7296,4
7297,17
7298,17
7299,5
7300,14
7301,6
7302,10
7303,11
7304,16
7305,7
7306,1
7307,10
7308,10
7309,19
7310,11
7311,14
7312,19
7313,7
7314,13
7315,6
7316,1
7317,12
7318,6
7319,19
7320,16
7321,0
7322,3
7323,6
7324,8
7325,9
7326,1
7327,5
7328,8
7329,13
7330,0
7331,10
7332,19
7333,16
7334,3
7335,18
7336,7
7337,13
7338,9
7339,19
7340,15
7341,9
7342,8
7343,6
7344,19
7345,14
7346,9
7347,4
7348,1
7349,16
7350,17
7351,13
7352,17
7353,8
7354,16
7355,13
7356,0
7357,13
7358,19
7359,1
7360,13
7361,15
7362,1
7363,6
7364,19
7365,3
7366,4
7367,18
7368,0
7369,0
7370,7
7371,9
7372,4
7373,7
7374,8
7375,11
7376,17
7377,16
7378,9
7379,3
7380,11
7381,4
7382,14
7383,1
7384,13
7385,9
7386,16
7387,2
7388,12
7389,2
7390,11
7391,13
7392,9
7393,15
7394,9
7395,10
7396,0
7397,7
7398,16
7399,1
7400,12
7401,5
7402,13
7403,15
7404,2
7405,16
7406,2
7407,13
7408,17
7409,19
7410,4
7411,10
7412,9
7413,11
7414,4
7415,0
7416,8
7417,3
7418,4
7419,15
7420,10
7421,9
7422,12
7423,1
7424,3
7425,7
7426,6
7427,15
7428,11
7429,12
7430,17
7431,15
7432,6
7433,17
7434,10
7435,7
7436,8
7437,2
7438,13
7439,1
7440,17
7441,16
7442,9
7443,11
7444,8
7445,12
7446,2
7447,7
7448,14
7449,5
7450,5
7451,11
7452,11
7453,17
7454,1
7455,12
7456,5
7457,4
7458,4
7459,11
7460,14
7461,6
7462,2
7463,6
7464,15
7465,14
7466,4
7467,2
7468,0
7469,5
7470,8
7471,16
7472,6
7473,12
7474,3
7475,16
7476,12
7477,17
7478,10
7479,10
7480,15
7481,5
7482,15
7483,19
7484,7
7485,9
7486,11
7487,16
7488,14
7489,17
7490,3
7491,0
7492,4
7493,13
7494,8
7495,6
7496,5
7497,11
7498,16
7499,3
7500,2
7501,16
7502,8
7503,19
7504,5
7505,13
7506,14
7507,3
7508,13
7509,14
7510,18
7511,2
7512,5
7513,4
7514,13
7515,10
7516,19
7517,19
7518,3
7519,12
7520,11
7521,2
7522,2
7523,7
7524,15
7525,10
7526,8
7527,1
7528,9
7529,15
7530,12
7531,9
7532,15
7533,15
7534,6
7535,19
7536,10
7537,8
7538,6
7539,0
7540,4
7541,17
7542,13
7543,3
7544,6
7545,14
7546,17
7547,6
7548,8
7549,14
7550,14
7551,9
7552,0
7553,3
7554,14
7555,17
7556,11
7557,11
7558,17
7559,9
7560,18
7561,5
7562,18
7563,16
7564,12
7565,12
7566,1
7567,5
7568,1
7569,0
7570,5
7571,2
7572,2
7573,12
7574,9
7575,0
7576,9
7577,13
7578,10
7579,1
7580,16
7581,6
7582,14
7583,15
7584,11
7585,15
7586,16
7587,0
7588,9
7589,17
7590,7
7591,3
7592,9
7593,14
7594,1
7595,10
7596,8
7597,15
7598,18
7599,19
7600,15
7601,9
7602,2
7603,4
7604,11
7605,8
7606,8
7607,8
7608,14
7609,4
7610,2
7611,6
7612,19
7613,4
7614,9
7615,16
7616,12
7617,0
7618,5
7619,4
7620,16
7621,6
7622,12
7623,15
7624,9
7625,8
7626,13
7627,6
7628,8
7629,11
7630,17
7631,16
7632,2
7633,14
7634,12
7635,18
7636,18
7637,4
7638,14
7639,10
7640,0
7641,5
7642,8
7643,19
7644,9
7645,10
7646,10
7647,3
7648,4
7649,1
7650,10
7651,0
7652,2
7653,13
7654,2
7655,9
7656,15
7657,6
7658,2
7659,11
7660,1
7661,4
7662,17
7663,17
7664,3
7665,4
7666,12
7667,6
7668,15
7669,2
7670,19
7671,18
7672,9
7673,1
7674,17
7675,1
7676,11
7677,14
7678,16
7679,3
7680,11
7681,7
7682,9
7683,2
7684,15
7685,10
7686,9
7687,5
7688,9
7689,2
7690,15
7691,0
7692,18
7693,7
7694,5
7695,11
7696,4
7697,17
7698,15
7699,15
7700,10
7701,2
7702,17
7703,18
7704,12
7705,13
7706,13
7707,0
7708,17
7709,4
7710,8
7711,8
7712,13
7713,5
7714,5
7715,16
7716,8
7717,12
7718,12
7719,11
7720,17
7721,7
7722,3
7723,9
7724,9
7725,7
7726,11
7727,0
7728,3
7729,19
7730,8
7731,16
7732,18
7733,8
7734,0
7735,15
7736,1
7737,11
7738,16
7739,11
7740,11
7741,7
7742,14
7743,6
7744,16
7745,15
7746,3
7747,13
7748,3
7749,8
7750,19
7751,15
7752,10
7753,17
7754,3
7755,11
7756,13
7757,6
7758,17
7759,13
7760,2
7761,4
7762,6
7763,10
7764,8
7765,5
7766,16
7767,16
7768,13
7769,1
7770,2
7771,12
7772,4
7773,12
7774,0
7775,13
7776,9
7777,17
7778,13
7779,6
7780,9
7781,1
7782,0
7783,14
7784,1
7785,7
7786,5
7787,19
7788,7
7789,14
7790,9
7791,8
7792,11
7793,4
7794,19
7795,2
7796,3
7797,4
7798,5
7799,9
7800,9
7801,11
7802,8
7803,5
7804,5
7805,2
7806,10
7807,7
7808,4
7809,17
7810,10
7811,3
7812,2
7813,4
7814,15
7815,9
7816,6
7817,10
7818,8
7819,7
7820,11
7821,10
7822,11
7823,1
7824,10
7825,16
7826,1
7827,10
7828,17
7829,9
7830,16
7831,0
7832,6
7833,8
7834,11
7835,15
7836,18
7837,6
7838,14
7839,0
7840,7
7841,5
7842,15
7843,5
7844,7
7845,4
7846,5
7847,15
7848,14
7849,1
7850,11
7851,10
7852,2
7853,1
7854,14
7855,6
7856,15
7857,2
7858,14
7859,4
7860,6
7861,7
7862,7
7863,19
7864,1
7865,15
7866,7
7867,16
7868,4
7869,14
7870,6
7871,11
7872,0
7873,13
7874,10
7875,5
7876,7
7877,7
7878,7
7879,7
7880,0
7881,13
7882,13
7883,15
7884,7
7885,1
7886,12
7887,15
7888,12
7889,10
7890,12
7891,13
7892,16
7893,6
7894,0
7895,6
7896,17
7897,19
7898,5
7899,2
7900,16
7901,2
7902,19
7903,13
7904,11
7905,11
7906,4
7907,7
7908,16
7909,12
7910,16
7911,10
7912,3
7913,1
7914,10
7915,1
7916,5
7917,16
7918,18
7919,13
7920,7
7921,4
7922,7
7923,13
7924,9
7925,13
7926,2
7927,8
7928,7
7929,7
7930,2
7931,16
7932,8
7933,5
7934,11
7935,18
7936,8
7937,1
7938,17
7939,11
7940,12
7941,17
7942,10
7943,11
7944,11
7945,14
7946,8
7947,4
7948,1
7949,3
7950,9
7951,6
7952,9
7953,9
7954,17
7955,4
7956,18
7957,16
7958,9
7959,12
7960,0
7961,3
7962,8
7963,15
7964,8
7965,1
7966,12
7967,5
7968,15
7969,2
7970,12
7971,0
7972,5
7973,5
7974,9
7975,10
7976,18
7977,15
7978,15
7979,17
7980,4
7981,4
7982,7
7983,10
7984,10
7985,13
7986,19
7987,3
7988,16
7989,18
7990,6
7991,17
7992,11
7993,7
7994,8
7995,10
7996,1
7997,17
7998,0
7999,15
8000,18
8001,14
8002,3
8003,18
8004,0
8005,0
8006,14
8007,0
8008,16
8009,7
8010,5
8011,7
8012,6
8013,7
8014,13
8015,7
8016,15
8017,11
8018,16
8019,3
8020,14
8021,13
8022,8
8023,6
8024,15
8025,7
8026,12
8027,16
8028,18
8029,5
8030,5
8031,18
8032,10
8033,9
8034,15
8035,10
8036,3
8037,17
8038,5
8039,14
8040,2
8041,4
8042,17
8043,8
8044,13
8045,18
8046,15
8047,8
8048,5
8049,12
8050,10
8051,3
8052,4
8053,4
8054,7
8055,15
8056,17
8057,6
8058,10
8059,19
8060,3
8061,4
8062,6
8063,0
8064,5
8065,12
8066,13
8067,9
8068,15
8069,14
8070,18
8071,0
8072,1
8073,19
8074,2
8075,15
8076,9
8077,2
8078,8
8079,8
8080,2
8081,17
8082,10
8083,14
8084,8
8085,1
8086,16
8087,5
8088,4
8089,2
8090,10
8091,15
8092,3
8093,18
8094,5
8095,0
8096,10
8097,3
8098,19
8099,7
8100,12
8101,4
8102,11
8103,14
8104,7
8105,18
8106,0
8107,3
8108,6
8109,6
8110,3
8111,4
8112,5
8113,6
8114,16
8115,19
8116,13
8117,5
8118,15
8119,3
8120,9
8121,4
8122,6
8123,13
8124,6
8125,5
8126,2
8127,5
8128,16
8129,17
8130,19
8131,11
8132,0
8133,4
8134,8
8135,13
8136,11
8137,6
8138,10
8139,10
8140,5
8141,12
8142,14
8143,1
8144,5
8145,6
8146,15
8147,15
8148,1
8149,16
8150,7
8151,11
8152,10
8153,7
8154,9
8155,13
8156,2
8157,9
8158,16
8159,12
8160,9
8161,6
8162,7
8163,4
8164,1
8165,17
8166,3
8167,14
8168,4
8169,15
8170,0
8171,17
8172,1
8173,6
8174,7
8175,3
8176,11
8177,11
8178,8
8179,15
8180,10
8181,11
8182,9
8183,13
8184,19
8185,1
8186,17
8187,16
8188,12
8189,19
8190,17
8191,15
8192,12
8193,15
8194,9
8195,18
8196,19
8197,19
8198,0
8199,12
8200,19
8201,4
8202,13
8203,14
8204,10
8205,17
8206,17
8207,14
8208,15
8209,3
8210,13
8211,18
8212,6
8213,2
8214,16
8215,8
8216,2
8217,5
8218,18
8219,17
8220,4
8221,15
8222,15
8223,4
8224,17
8225,10
8226,4
8227,14
8228,15
8229,12
8230,17
8231,12
8232,1
8233,12
8234,19
8235,16
8236,15
8237,16
8238,15
8239,1
8240,0
8241,7
8242,4
8243,10
8244,4
8245,2
8246,6
8247,7
8248,7
8249,0
8250,9
8251,1
8252,17
8253,9
8254,13
8255,18
8256,4
8257,2
8258,7
8259,13
8260,2
8261,9
8262,5
8263,3
8264,3
8265,4
8266,7
8267,13
8268,18
8269,12
8270,2
8271,5
8272,17
8273,7
8274,7
8275,0
8276,8
8277,2
8278,3
8279,18
8280,2
8281,16
8282,7
8283,4
8284,14
8285,6
8286,17
8287,18
8288,13
8289,8
8290,14
8291,10
8292,15
8293,8
8294,0
8295,6
8296,18
8297,19
8298,12
8299,16
8300,5
8301,9
8302,13
8303,12
8304,15
8305,11
8306,16
8307,1
8308,11
8309,2
8310,1
8311,2
8312,11
8313,10
8314,0
8315,2
8316,16
8317,5
8318,15
8319,16
8320,6
8321,11
8322,10
8323,12
8324,11
8325,13
8326,4
8327,18
8328,9
8329,10
8330,3
8331,13
8332,4
8333,14
8334,15
8335,16
8336,18
8337,10
8338,17
8339,13
8340,16
8341,1
8342,13
8343,7
8344,4
8345,17
8346,7
8347,10
8348,2
8349,16
8350,17
8351,19
8352,9
8353,2
8354,16
8355,2
8356,18
8357,15
8358,17
8359,2
8360,0
8361,10
8362,0
8363,10
8364,7
8365,10
8366,19
8367,8
8368,11
8369,8
8370,10
8371,7
8372,7
8373,6
8374,1
8375,14
8376,5
8377,9
8378,1
8379,9
8380,1
8381,9
8382,7
8383,6
8384,2
8385,16
8386,14
8387,8
8388,11
8389,3
8390,16
8391,13
8392,10
8393,5
8394,4
8395,17
8396,9
8397,3
8398,12
8399,15
8400,12
8401,1
8402,16
8403,3
8404,14
8405,7
8406,11
8407,18
8408,0
8409,14
8410,14
8411,1
8412,4
8413,6
8414,4
8415,14
8416,10
8417,13
8418,15
8419,14
8420,7
8421,10
8422,16
8423,9
8424,2
8425,9
8426,8
8427,17
8428,6
8429,7
8430,11
8431,17
8432,9
8433,2
8434,3
8435,17
8436,16
8437,1
8438,9
8439,11
8440,11
8441,13
8442,7
8443,18
8444,14
8445,11
8446,7
8447,3
8448,10
8449,2
8450,2
8451,10
8452,5
8453,8
8454,11
8455,5
8456,0
8457,11
8458,11
8459,16
8460,11
8461,5
8462,14
8463,5
8464,3
8465,13
8466,19
8467,8
8468,6
8469,1
8470,7
8471,12
8472,14
8473,8
8474,16
8475,0
8476,2
8477,6
8478,17
8479,0
8480,18
8481,8
8482,11
8483,14
8484,6
8485,8
8486,4
8487,12
8488,0
8489,2
8490,1
8491,7
8492,0
8493,19
8494,7
8495,18
8496,4
8497,0
8498,6
8499,5
8500,15
8501,3
8502,7
8503,16
8504,1
8505,17
8506,3
8507,3
8508,14
8509,7
8510,0
8511,10
8512,11
8513,2
8514,0
8515,10
8516,14
8517,17
8518,17
8519,6
8520,13
8521,19
8522,1
8523,10
8524,3
8525,14
8526,11
8527,18
8528,6
8529,8
8530,14
8531,2
8532,18
8533,10
8534,11
8535,0
8536,7
8537,10
8538,17
8539,7
8540,0
8541,0
8542,8
8543,5
8544,3
8545,4
8546,8
8547,17
8548,0
8549,5
8550,13
8551,14
8552,2
8553,5
8554,4
8555,7
8556,11
8557,11
8558,14
8559,5
8560,4
8561,6
8562,9
8563,2
8564,6
8565,3
8566,2
8567,8
8568,8
8569,14
8570,2
8571,15
8572,5
8573,17
8574,11
8575,2
8576,9
8577,14
8578,11
8579,3
8580,11
8581,1
8582,19
8583,8
8584,6
8585,15
8586,11
8587,15
8588,5
8589,4
8590,7
8591,19
8592,1
8593,6
8594,5
8595,3
8596,15
8597,13
8598,17
8599,13
8600,11
8601,9
8602,5
8603,16
8604,7
8605,1
8606,2
8607,4
8608,11
8609,9
8610,2
8611,6
8612,16
8613,14
8614,12
8615,17
8616,9
8617,11
8618,14
8619,10
8620,18
8621,13
8622,6
8623,16
8624,12
8625,7
8626,2
8627,1
8628,3
8629,6
8630,14
8631,8
8632,6
8633,10
8634,9
8635,19
8636,6
8637,14
8638,6
8639,3
8640,0
8641,9
8642,10
8643,3
8644,2
8645,4
8646,7
8647,17
8648,3
8649,14
8650,3
8651,17
8652,14
8653,6
8654,3
8655,8
8656,15
8657,19
8658,14
8659,9
8660,13
8661,6
8662,11
8663,5
8664,18
8665,2
8666,12
8667,18
8668,7
8669,15
8670,16
8671,3
8672,14
8673,6
8674,1
8675,18
8676,1
8677,7
8678,17
8679,9
8680,2
8681,15
8682,18
8683,19
8684,8
8685,14
8686,11
8687,8
8688,4
8689,10
8690,10
8691,6
8692,9
8693,5
8694,14
8695,16
8696,4
8697,1
8698,1
8699,5
8700,17
8701,8
8702,5
8703,3
8704,8
8705,3
8706,1
8707,8
8708,8
8709,1
8710,15
8711,10
8712,8
8713,7
8714,15
8715,4
8716,18
8717,9
8718,12
8719,13
8720,14
8721,3
8722,0
8723,17
8724,15
8725,0
8726,17
8727,4
8728,19
8729,6
8730,3
8731,1
8732,18
8733,19
8734,13
8735,7
8736,8
8737,4
8738,1
8739,7
8740,6
8741,17
8742,7
8743,12
8744,2
8745,9
8746,0
8747,2
8748,16
8749,6
8750,3
8751,9
8752,16
8753,4
8754,19
8755,8
8756,2
8757,5
8758,3
8759,10
8760,2
8761,14
8762,15
8763,1
8764,1
8765,3
8766,12
8767,17
8768,16
8769,5
8770,14
8771,8
8772,4
8773,3
8774,19
8775,16
8776,13
8777,12
8778,0
8779,9
8780,5
8781,13
8782,17
8783,15
8784,3
8785,4
8786,19
8787,10
8788,6
8789,8
8790,6
8791,12
8792,6
8793,16
8794,2
8795,15
8796,5
8797,15
8798,17
8799,17
8800,10
8801,2
8802,11
8803,1
8804,12
8805,17
8806,5
8807,19
8808,8
8809,12
8810,0
8811,19
8812,12
8813,7
8814,7
8815,6
8816,7
8817,18
8818,16
8819,8
8820,4
8821,8
8822,8
8823,17
8824,11
8825,15
8826,13
8827,3
8828,4
8829,10
8830,12
8831,10
8832,5
8833,8
8834,14
8835,2
8836,0
8837,18
8838,12
8839,8
8840,8
8841,10
8842,11
8843,6
8844,0
8845,15
8846,11
8847,17
8848,9
8849,5
8850,10
8851,14
8852,2
8853,13
8854,9
8855,18
8856,5
8857,4
8858,13
8859,9
8860,19
8861,15
8862,18
8863,7
8864,1
8865,5
8866,13
8867,13
8868,15
8869,14
8870,7
8871,6
8872,12
8873,7
8874,7
8875,16
8876,16
8877,10
8878,13
8879,7
8880,6
8881,13
8882,11
8883,6
8884,17
8885,12
8886,11
8887,5
8888,2
8889,17
8890,2
8891,10
8892,12
8893,17
8894,6
8895,13
8896,4
8897,14
8898,13
8899,13
8900,0
8901,18
8902,13
8903,11
8904,3
8905,12
8906,14
8907,2
8908,8
8909,3
8910,11
8911,14
8912,9
8913,19
8914,10
8915,12
8916,7
8917,2
8918,3
8919,15
8920,5
8921,7
8922,1
8923,16
8924,7
8925,13
8926,4
8927,4
8928,3
8929,12
8930,8
8931,6
8932,0
8933,18
8934,14
8935,19
8936,5
8937,19
8938,1
8939,0
8940,1
8941,9
8942,5
8943,6
8944,15
8945,2
8946,6
8947,10
8948,4
8949,8
8950,16
8951,8
8952,15
8953,3
8954,9
8955,0
8956,17
8957,13
8958,5
8959,11
8960,10
8961,6
8962,15
8963,1
8964,3
8965,7
8966,13
8967,5
8968,8
8969,8
8970,12
8971,17
8972,13
8973,0
8974,4
8975,8
8976,19
8977,1
8978,13
8979,19
8980,15
8981,4
8982,10
8983,11
8984,10
8985,9
8986,1
8987,5
8988,3
8989,14
8990,9
8991,4
8992,7
8993,19
8994,9
8995,19
8996,7
8997,0
8998,16
8999,10
9000,16
9001,14
9002,16
9003,11
9004,15
9005,16
9006,12
9007,11
9008,12
9009,5
9010,12
9011,9
9012,2
9013,5
9014,1
9015,15
9016,5
9017,10
9018,7
9019,17
9020,16
9021,4
9022,17
9023,6
9024,14
9025,10
9026,11
9027,12
9028,12
9029,2
9030,8
9031,9
9032,3
9033,15
9034,7
9035,7
9036,13
9037,1
9038,8
9039,3
9040,1
9041,1
9042,16
9043,5
9044,2
9045,18
9046,7
9047,14
9048,12
9049,10
9050,12
9051,10
9052,6
9053,15
9054,17
9055,14
9056,13
9057,10
9058,6
9059,14
9060,12
9061,0
9062,5
9063,16
9064,11
9065,19
9066,4
9067,14
9068,9
9069,0
9070,17
9071,18
9072,8
9073,12
9074,9
9075,15
9076,0
9077,9
9078,13
9079,11
9080,2
9081,14
9082,14
9083,18
9084,7
9085,11
9086,7
9087,16
9088,18
9089,19
9090,8
9091,14
9092,4
9093,13
9094,9
9095,14
9096,14
9097,4
9098,13
9099,4
9100,13
9101,14
9102,7
9103,10
9104,1
9105,5
9106,6
9107,2
9108,19
9109,7
9110,9
9111,9
9112,14
9113,6
9114,7
9115,11
9116,16
9117,7
9118,2
9119,7
9120,18
9121,2
9122,4
9123,7
9124,13
9125,12
9126,10
9127,18
9128,5
9129,16
9130,4
9131,9
9132,19
9133,8
9134,0
9135,16
9136,3
9137,12
9138,3
9139,4
9140,17
9141,10
9142,7
9143,6
9144,9
9145,2
9146,13
9147,17
9148,4
9149,14
9150,2
9151,13
9152,10
9153,8
9154,14
9155,17
9156,3
9157,13
9158,13
9159,9
9160,12
9161,17
9162,0
9163,11
9164,12
9165,10
9166,6
9167,8
9168,8
9169,3
9170,5
9171,8
9172,10
9173,7
9174,2
9175,10
9176,9
9177,16
9178,14
9179,6
9180,5
9181,18
9182,3
9183,6
9184,2
9185,19
9186,1
9187,2
9188,17
9189,2
9190,9
9191,1
9192,12
9193,12
9194,12
9195,3
9196,7
9197,17
9198,15
9199,13
9200,1
9201,0
9202,7
9203,12
9204,19
9205,8
9206,12
9207,4
9208,1
9209,18
9210,0
9211,15
9212,3
9213,11
9214,3
9215,12
9216,19
9217,9
9218,6
9219,3
9220,0
9221,14
9222,17
9223,14
9224,0
9225,11
9226,13
9227,14
9228,19
9229,19
9230,10
9231,14
9232,14
9233,17
9234,8
9235,0
9236,7
9237,0
9238,11
9239,2
9240,15
9241,13
9242,13
9243,11
9244,1
9245,12
9246,15
9247,10
9248,10
9249,17
9250,17
9251,18
9252,10
9253,17
9254,1
9255,10
9256,12
9257,18
9258,6
9259,9
9260,2
9261,4
9262,12
9263,10
9264,10
9265,15
9266,8
9267,9
9268,9
9269,13
9270,4
9271,18
9272,16
9273,10
9274,8
9275,14
9276,8
9277,18
9278,1
9279,3
9280,10
9281,16
9282,2
9283,15
9284,16
9285,11
9286,16
9287,2
9288,1
9289,19
9290,7
9291,18
9292,13
9293,9
9294,7
9295,13
9296,14
9297,2
9298,8
9299,0
9300,3
9301,11
9302,4
9303,14
9304,8
9305,17
9306,4
9307,13
9308,17
9309,3
9310,10
9311,1
9312,5
9313,2
9314,2
9315,5
9316,11
9317,9
9318,13
9319,10
9320,8
9321,13
9322,4
9323,14
9324,15
9325,17
9326,16
9327,15
9328,4
9329,3
9330,7
9331,17
9332,18
9333,14
9334,16
9335,19
9336,17
9337,15
9338,18
9339,4
9340,19
9341,7
9342,4
9343,15
9344,12
9345,9
9346,12
9347,10
9348,18
9349,1
9350,13
9351,11
9352,19
9353,0
9354,18
9355,16
9356,5
9357,0
9358,3
9359,14
9360,3
9361,0
9362,15
9363,11
9364,1
9365,11
9366,0
9367,14
9368,5
9369,5
9370,15
9371,13
9372,15
9373,12
9374,12
9375,11
9376,18
9377,10
9378,19
9379,15
9380,2
9381,6
9382,6
9383,0
9384,15
9385,18
9386,10
9387,3
9388,0
9389,8
9390,9
9391,11
9392,9
9393,11
9394,10
9395,6
9396,11
9397,12
9398,4
9399,16
9400,0
9401,5
9402,12
9403,13
9404,6
9405,5
9406,5
9407,13
9408,9
9409,18
9410,10
9411,9
9412,10
9413,1
9414,9
9415,7
9416,7
9417,18
9418,18
9419,15
9420,16
9421,12
9422,5
9423,19
9424,16
9425,3
9426,18
9427,16
9428,4
9429,0
9430,0
9431,2
9432,5
9433,18
9434,9
9435,11
9436,18
9437,5
9438,8
9439,13
9440,5
9441,13
9442,4
9443,13
9444,6
9445,17
9446,1
9447,19
9448,2
9449,19
9450,9
9451,17
9452,1
9453,10
9454,1
9455,14
9456,7
9457,19
9458,3
9459,5
9460,7
9461,18
9462,17
9463,14
9464,6
9465,10
9466,9
9467,11
9468,3
9469,2
9470,13
9471,5
9472,0
9473,12
9474,15
9475,19
9476,19
9477,4
9478,14
9479,15
9480,12
9481,8
9482,13
9483,14
9484,13
9485,18
9486,10
9487,10
9488,10
9489,13
9490,6
9491,7
9492,9
9493,3
9494,16
9495,7
9496,14
9497,8
9498,7
9499,2
9500,7
9501,18
9502,16
9503,7
9504,10
9505,16
9506,1
9507,5
9508,17
9509,12
9510,13
9511,1
9512,6
9513,4
9514,6
9515,15
9516,19
9517,15
9518,14
9519,11
9520,12
9521,14
9522,19
9523,12
9524,19
9525,3
9526,18
9527,13
9528,2
9529,17
9530,1
9531,4
9532,9
9533,1
9534,6
9535,12
9536,8
9537,15
9538,18
9539,9
9540,10
9541,6
9542,12
9543,16
9544,16
9545,3
9546,14
9547,12
9548,1
9549,15
9550,9
9551,9
9552,18
9553,12
9554,2
9555,17
9556,10
9557,13
9558,18
9559,2
9560,9
9561,1
9562,5
9563,6
9564,10
9565,0
9566,9
9567,14
9568,13
9569,5
9570,0
9571,9
9572,6
9573,6
9574,9
9575,16
9576,17
9577,14
9578,3
9579,13
9580,7
9581,2
9582,18
9583,15
9584,7
9585,18
9586,4
9587,2
9588,12
9589,8
9590,17
9591,0
9592,19
9593,3
9594,8
9595,15
9596,2
9597,14
9598,11
9599,14
9600,8
9601,14
9602,5
9603,16
9604,1
9605,9
9606,9
9607,3
9608,11
9609,9
9610,12
9611,14
9612,19
9613,7
9614,5
9615,8
9616,6
9617,13
9618,9
9619,0
9620,16
9621,3
9622,18
9623,17
9624,4
9625,10
9626,14
9627,0
9628,5
9629,12
9630,9
9631,0
9632,7
9633,15
9634,5
9635,10
9636,2
9637,13
9638,14
9639,4
9640,17
9641,9
9642,8
9643,6
9644,9
9645,4
9646,5
9647,5
9648,9
9649,12
9650,16
9651,17
9652,0
9653,19
9654,18
9655,9
9656,1
9657,9
9658,6
9659,18
9660,18
9661,16
9662,15
9663,6
9664,14
9665,14
9666,5
9667,12
9668,6
9669,14
9670,15
9671,4
9672,2
9673,11
9674,14
9675,1
9676,4
9677,2
9678,10
9679,3
9680,5
9681,13
9682,12
9683,3
9684,2
9685,17
9686,8
9687,16
9688,0
9689,8
9690,1
9691,10
9692,6
9693,14
9694,0
9695,13
9696,1
9697,18
9698,15
9699,17
9700,16
9701,6
9702,17
9703,5
9704,16
9705,16
9706,12
9707,17
9708,11
9709,16
9710,10
9711,15
9712,7
9713,1
9714,7
9715,10
9716,9
9717,17
9718,16
9719,13
9720,9
9721,17
9722,4
9723,0
9724,7
9725,14
9726,10
9727,0
9728,16
9729,15
9730,2
9731,17
9732,0
9733,5
9734,12
9735,11
9736,4
9737,8
9738,3
9739,19
9740,3
9741,17
9742,8
9743,13
9744,2
9745,3
9746,9
9747,1
9748,17
9749,13
9750,14
9751,15
9752,19
9753,18
9754,19
9755,16
9756,10
9757,9
9758,14
9759,14
9760,10
9761,16
9762,10
9763,1
9764,12
9765,5
9766,0
9767,7
9768,8
9769,7
9770,19
9771,2
9772,2
9773,11
9774,7
9775,18
9776,8
9777,11
9778,16
9779,19
9780,12
9781,4
9782,16
9783,9
9784,12
9785,1
9786,13
9787,17
9788,9
9789,7
9790,9
9791,16
9792,16
9793,17
9794,12
9795,7
9796,8
9797,6
9798,11
9799,9
9800,11
9801,18
9802,10
9803,8
9804,1
9805,18
9806,13
9807,10
9808,3
9809,6
9810,1
9811,2
9812,14
9813,13
9814,14
9815,6
9816,17
9817,19
9818,14
9819,11
9820,1
9821,7
9822,6
9823,8
9824,11
9825,6
9826,2
9827,1
9828,17
9829,16
9830,15
9831,18
9832,14
9833,18
9834,10
9835,12
9836,16
9837,5
9838,13
9839,1
9840,8
9841,4
9842,11
9843,8
9844,1
9845,8
9846,1
9847,9
9848,7
9849,12
9850,11
9851,16
9852,13
9853,15
9854,12
9855,17
9856,0
9857,0
9858,2
9859,10
9860,11
9861,14
9862,8
9863,10
9864,14
9865,9
9866,2
9867,16
9868,14
9869,12
9870,6
9871,7
9872,17
9873,15
9874,13
9875,16
9876,14
9877,13
9878,7
9879,5
9880,3
9881,12
9882,11
9883,16
9884,1
9885,2
9886,11
9887,16
9888,9
9889,18
9890,15
9891,6
9892,4
9893,11
9894,15
9895,9
9896,2
9897,3
9898,6
9899,19
9900,14
9901,9
9902,3
9903,15
9904,15
9905,13
9906,10
9907,7
9908,18
9909,13
9910,1
9911,15
9912,9
9913,15
9914,15
9915,18
9916,18
9917,17
9918,12
9919,1
9920,17
9921,4
9922,12
9923,0
9924,12
9925,16
9926,0
9927,17
9928,5
9929,5
9930,11
9931,6
9932,15
9933,13
9934,14
9935,3
9936,16
9937,8
9938,16
9939,3
9940,2
9941,6
9942,7
9943,11
9944,18
9945,1
9946,16
9947,5
9948,3
9949,14
9950,5
9951,1
9952,9
9953,11
9954,10
9955,19
9956,4
9957,8
9958,0
9959,13
9960,3
9961,9
9962,12
9963,9
9964,14
9965,14
9966,18
9967,0
9968,15
9969,9
9970,13
9971,18
9972,3
9973,9
9974,16
9975,11
9976,2
9977,17
9978,19
9979,1
9980,0
9981,4
9982,12
9983,17
9984,18
9985,19
9986,14
9987,13
9988,10
9989,8
9990,6
9991,3
9992,12
9993,19
9994,11
9995,8
9996,7
9997,10
9998,1
9999,3
10000,7
10001,6
10002,2
10003,0
10004,0
10005,1
10006,9
10007,8
10008,10
10009,12
10010,14
10011,18
10012,4
10013,14
10014,0
10015,13
10016,2
10017,17
10018,6
10019,15
10020,15
10021,9
10022,5
10023,13
10024,7
10025,8
10026,0
10027,1
10028,15
10029,18
10030,14
10031,10
10032,10
10033,0
10034,7
10035,6
10036,8
10037,3
10038,5
10039,13
10040,19
10041,0
10042,4
10043,13
10044,18
10045,18
10046,6
10047,9
10048,12
10049,6
10050,13
10051,7
10052,0
10053,19
10054,17
10055,0
10056,19
10057,2
10058,2
10059,12
10060,7
10061,9
10062,15
10063,5
10064,16
10065,12
10066,1
10067,11
10068,5
10069,2
10070,8
10071,13
10072,15
10073,11
10074,12
10075,13
10076,19
10077,14
10078,8
10079,7
10080,0
10081,5
10082,4
10083,10
10084,2
10085,8
10086,14
10087,16
10088,1
10089,6
10090,7
10091,19
10092,15
10093,9
10094,16
10095,3
10096,1
10097,5
10098,16
10099,6
10100,1
10101,7
10102,1
10103,5
10104,2
10105,10
10106,15
10107,16
10108,0
10109,6
10110,3
10111,7
10112,2
10113,8
10114,12
10115,12
10116,1
10117,0
10118,9
10119,1
10120,10
10121,7
10122,2
10123,19
10124,2
10125,18
10126,6
10127,10
10128,3
10129,5
10130,7
10131,17
10132,3
10133,12
10134,11
10135,3
10136,2
10137,0
10138,10
10139,2
10140,1
10141,3
10142,14
10143,11
10144,7
10145,11
10146,4
10147,9
10148,1
10149,2
10150,6
10151,12
10152,5
10153,11
10154,11
10155,10
10156,11
10157,15
10158,5
10159,5
10160,10
10161,10
10162,10
10163,9
10164,8
10165,14
10166,0
10167,8
10168,16
10169,7
10170,10
10171,1
10172,0
10173,16
10174,7
10175,16
10176,18
10177,7
10178,7
10179,7
10180,14
10181,14
10182,0
10183,12
10184,19
10185,3
10186,1
10187,11
10188,19
10189,8
10190,4
10191,5
10192,15
10193,15
10194,0
10195,12
10196,0
10197,17
10198,13
10199,7
10200,10
10201,18
10202,9
10203,6
10204,1
10205,12
10206,0
10207,11
10208,6
10209,7
10210,4
10211,10
10212,11
10213,7
10214,10
10215,8
10216,5
10217,5
10218,16
10219,14
10220,12
10221,1
10222,17
10223,4
10224,2
10225,15
10226,1
10227,16
10228,2
10229,19
10230,17
10231,19
10232,12
10233,16
10234,16
10235,17
10236,12
10237,13
10238,14
10239,4
10240,18
10241,11
10242,9
10243,12
10244,19
10245,16
10246,12
10247,11
10248,3
10249,7
10250,6
10251,13
10252,13
10253,9
10254,0
10255,12
10256,12
10257,12
10258,18
10259,5
10260,2
10261,11
10262,18
10263,5
10264,13
10265,6
10266,4
10267,11
10268,10
10269,3
10270,16
10271,17
10272,8
10273,12
10274,12
10275,2
10276,5
10277,17
10278,0
10279,5
10280,18
10281,4
10282,4
10283,4
10284,6
10285,12
10286,13
10287,6
10288,12
10289,18
10290,8
10291,6
10292,9
10293,10
10294,15
10295,14
10296,1
10297,11
10298,6
10299,12
10300,12
10301,17
10302,18
10303,15
10304,5
10305,5
10306,10
10307,14
10308,1
10309,7
10310,17
10311,1
10312,5
10313,11
10314,11
10315,8
10316,3
10317,19
10318,18
10319,1
10320,15
10321,15
10322,2
10323,0
10324,14
10325,12
10326,11
10327,16
10328,17
10329,2
10330,13
10331,9
10332,10
10333,15
10334,5
10335,11
10336,1
10337,13
10338,8
10339,3
10340,13
10341,6
10342,13
10343,2
10344,14
10345,12
10346,6
10347,0
10348,13
10349,4
10350,9
10351,3
10352,0
10353,10
10354,9
10355,7
10356,16
10357,12
10358,13
10359,11
10360,1
10361,19
10362,4
10363,6
10364,13
10365,1
10366,4
10367,19
10368,13
10369,5
10370,2
10371,14
10372,18
10373,3
10374,17
10375,18
10376,19
10377,17
10378,11
10379,8
10380,4
10381,9
10382,11
10383,5
10384,11
10385,3
10386,15
10387,3
10388,9
10389,3
10390,9
10391,15
10392,13
10393,17
10394,2
10395,15
10396,11
10397,0
10398,17
10399,18
10400,1
10401,11
10402,1
10403,2
10404,12
10405,16
10406,16
10407,3
10408,12
10409,8
10410,5
10411,8
10412,8
10413,3
10414,5
10415,1
10416,2
10417,10
10418,11
10419,8
10420,3
10421,8
10422,14
10423,19
10424,4
10425,1
10426,10
10427,9
10428,18
10429,1
10430,0
10431,10
10432,4
10433,16
10434,4
10435,4
10436,18
10437,6
10438,10
10439,19
10440,10
10441,14
10442,13
10443,1
10444,8
10445,8
10446,15
10447,18
10448,0
10449,12
10450,15
10451,1
10452,4
10453,12
10454,8
10455,9
10456,11
10457,10
10458,9
10459,10
10460,5
10461,10
10462,15
10463,4
10464,0
10465,1
10466,15
10467,10
10468,4
10469,1
10470,16
10471,14
10472,6
10473,18
10474,16
10475,16
10476,10
10477,0
10478,13
10479,12
10480,13
10481,5
10482,2
10483,6
10484,13
10485,0
10486,12
10487,5
10488,6
10489,6
10490,2
10491,13
10492,4
10493,8
10494,4
10495,13
10496,11
10497,7
10498,14
10499,7
10500,18
10501,1
10502,0
10503,9
10504,13
10505,9
10506,11
10507,1
10508,7
10509,17
10510,3
10511,1
10512,5
10513,7
10514,3
10515,11
10516,5
10517,9
10518,7
10519,14
10520,16
10521,7
10522,13
10523,15
10524,12
10525,16
10526,17
10527,14
10528,11
10529,11
10530,14
10531,6
10532,18
10533,2
10534,13
10535,16
10536,9
10537,10
10538,15
10539,19
10540,16
10541,2
10542,15
10543,18
10544,13
10545,19
10546,7
10547,10
10548,14
10549,13
10550,19
10551,13
10552,1
10553,17
10554,3
10555,6
10556,10
10557,15
10558,11
10559,7
10560,5
10561,3
10562,16
10563,5
10564,18
10565,3
10566,18
10567,3
10568,19
10569,2
10570,10
10571,19
10572,14
10573,11
10574,9
10575,11
10576,6
10577,1
10578,0
10579,9
10580,2
10581,8
10582,5
10583,17
10584,14
10585,6
10586,5
10587,15
10588,4
10589,17
10590,1
10591,2
10592,8
10593,10
10594,14
10595,13
10596,4
10597,2
10598,8
10599,3
10600,1
10601,9
10602,5
10603,19
10604,18
10605,12
10606,6
10607,4
10608,8
10609,11
10610,5
10611,11
10612,12
10613,19
10614,17
10615,6
10616,2
10617,13
10618,10
10619,14
10620,1
10621,10
10622,2
10623,16
10624,15
10625,7
10626,7
10627,9
10628,8
10629,18
10630,8
10631,6
10632,7
10633,13
10634,6
10635,6
10636,16
10637,17
10638,17
10639,8
10640,5
10641,14
10642,6
10643,2
10644,10
10645,15
10646,9
10647,0
10648,11
10649,15
10650,2
10651,12
10652,15
10653,19
10654,4
10655,2
10656,4
10657,1
10658,6
10659,16
10660,8
10661,6
10662,15
10663,1
10664,15
10665,12
10666,15
10667,18
10668,12
10669,17
10670,2
10671,0
10672,6
10673,6
10674,17
10675,10
10676,17
10677,14
10678,15
10679,14
10680,15
10681,5
10682,4
10683,15
10684,4
10685,7
10686,4
10687,13
10688,9
10689,13
10690,15
10691,4
10692,5
10693,14
10694,16
10695,7
10696,2
10697,12
10698,16
10699,3
10700,0
10701,2
10702,11
10703,12
10704,16
10705,7
10706,3
10707,10
10708,9
10709,1
10710,1
10711,14
10712,7
10713,9
10714,3
10715,7
10716,10
10717,15
10718,0
10719,12
10720,7
10721,19
10722,0
10723,8
10724,13
10725,17
10726,14
10727,1
10728,15
10729,16
10730,2
10731,1
10732,17
10733,17
10734,14
10735,16
10736,6
10737,7
10738,8
10739,6
10740,16
10741,4
10742,8
10743,6
10744,16
10745,17
10746,14
10747,1
10748,8
10749,11
10750,3
10751,0
10752,11
10753,1
10754,15
10755,6
10756,15
10757,6
10758,8
10759,7
10760,9
10761,17
10762,14
10763,3
10764,8
10765,17
10766,4
10767,3
10768,19
10769,12
10770,12
10771,8
10772,2
10773,7
10774,2
10775,15
10776,2
10777,6
10778,11
10779,0
10780,16
10781,2
10782,3
10783,14
10784,12
10785,11
10786,16
10787,11
10788,1
10789,11
10790,13
10791,13
10792,9
10793,9
10794,13
10795,16
10796,3
10797,9
10798,4
10799,19
10800,11
10801,16
10802,17
10803,6
10804,4
10805,14
10806,11
10807,3
10808,15
10809,14
10810,9
10811,1
10812,6
10813,18
10814,17
10815,15
10816,2
10817,9
10818,1
10819,17
10820,4
10821,2
10822,14
10823,14
10824,11
10825,15
10826,7
10827,18
10828,12
10829,8
10830,6
10831,8
10832,18
10833,2
10834,3
10835,3
10836,0
10837,11
10838,18
10839,14
10840,18
10841,16
10842,13
10843,0
10844,12
10845,13
10846,16
10847,6
10848,8
10849,1
10850,6
10851,14
10852,19
10853,9
10854,15
10855,14
10856,4
10857,2
10858,4
10859,9
10860,1
10861,11
10862,5
10863,2
10864,14
10865,14
10866,7
10867,9
10868,17
10869,3
10870,17
10871,1
10872,18
10873,14
10874,0
10875,6
10876,3
10877,12
10878,0
10879,9
10880,17
10881,15
10882,11
10883,7
10884,7
10885,3
10886,6
10887,15
10888,17
10889,4
10890,13
10891,6
10892,1
10893,4
10894,1
10895,13
10896,2
10897,11
10898,0
10899,9
10900,16
10901,5
10902,17
10903,15
10904,18
10905,7
10906,2
10907,1
10908,8
10909,19
10910,0
10911,15
10912,17
10913,11
10914,8
10915,6
10916,14
10917,0
10918,11
10919,12
10920,8
10921,3
10922,11
10923,5
10924,0
10925,2
10926,19
10927,5
10928,7
10929,16
10930,5
10931,3
10932,15
10933,18
10934,3
10935,4
10936,14
10937,12
10938,19
10939,7
10940,14
10941,16
10942,6
10943,7
10944,10
10945,19
10946,2
10947,17
10948,12
10949,7
10950,14
10951,2
10952,15
10953,3
10954,12
10955,13
10956,4
10957,2
10958,12
10959,6
10960,16
10961,7
10962,15
10963,2
10964,10
10965,15
10966,18
10967,8
10968,11
10969,13
10970,2
10971,13
10972,8
10973,1
10974,4
10975,14
10976,0
10977,17
10978,10
10979,8
10980,2
10981,5
10982,10
10983,1
10984,18
10985,16
10986,18
10987,9
10988,4
10989,5
10990,6
10991,10
10992,2
10993,12
10994,4
10995,15
10996,4
10997,1
10998,17
10999,4
11000,14
11001,4
11002,19
11003,7
11004,15
11005,18
11006,9
11007,9
11008,11
11009,11
11010,17
11011,12
11012,10
11013,0
11014,7
11015,3
11016,14
11017,6
11018,18
11019,8
11020,15
11021,11
11022,4
11023,7
11024,14
11025,5
11026,0
11027,13
11028,7
11029,9
11030,15
11031,2
11032,4
11033,17
11034,14
11035,7
11036,16
11037,18
11038,8
11039,13
11040,4
11041,14
11042,2
11043,11
11044,15
11045,11
11046,10
11047,8
11048,10
11049,8
11050,10
11051,12
11052,2
11053,19
11054,8
11055,2
11056,3
11057,3
11058,5
11059,13
11060,1
11061,18
11062,11
11063,14
11064,8
11065,0
11066,16
11067,2
11068,16
11069,6
11070,16
11071,14
11072,17
11073,7
11074,11
11075,4
11076,6
11077,7
11078,5
11079,14
11080,4
11081,16
11082,1
11083,6
11084,17
11085,11
11086,7
11087,11
11088,14
11089,5
11090,10
11091,6
11092,10
11093,15
11094,8
11095,3
11096,0
11097,15
11098,19
11099,13
11100,3
11101,11
11102,11
11103,2
11104,1
11105,10
11106,3
11107,14
11108,11
11109,8
11110,5
11111,16
11112,18
11113,15
11114,5
11115,19
11116,14
11117,15
11118,11
11119,17
11120,12
11121,12
11122,15
11123,10
11124,10
11125,14
11126,4
11127,2
11128,18
11129,14
11130,10
11131,1
11132,18
11133,17
11134,18
11135,12
11136,18
11137,8
11138,14
11139,5
11140,8
11141,18
11142,18
11143,17
11144,14
11145,6
11146,10
11147,2
11148,13
11149,5
11150,19
11151,11
11152,7
11153,19
11154,12
11155,17
11156,13
11157,16
11158,1
11159,0
11160,9
11161,6
11162,8
11163,3
11164,5
11165,19
11166,6
11167,5
11168,3
11169,7
11170,12
11171,16
11172,14
11173,3
11174,1
11175,4
11176,10
11177,18
11178,13
11179,19
11180,8
11181,14
11182,0
11183,19
11184,2
11185,7
11186,1
11187,15
11188,19
11189,15
11190,19
11191,1
11192,14
11193,3
11194,0
11195,0
11196,19
11197,11
11198,14
11199,18
11200,8
11201,10
11202,7
11203,8
11204,3
11205,4
11206,15
11207,0
11208,7
11209,17
11210,11
11211,6
11212,10
11213,5
11214,10
11215,12
11216,14
11217,11
11218,0
11219,18
11220,6
11221,16
11222,6
11223,10
11224,16
11225,7
11226,4
11227,3
11228,2
11229,3
11230,18
11231,10
11232,2
11233,18
11234,2
11235,1
11236,18
11237,4
11238,7
11239,10
11240,1
11241,3
11242,10
11243,11
11244,3
11245,13
11246,5
11247,18
11248,6
11249,1
11250,12
11251,5
11252,16
11253,15
11254,11
11255,0
11256,3
11257,16
11258,13
11259,19
11260,15
11261,14
11262,3
11263,9
11264,3
11265,8
11266,10
11267,0
11268,15
11269,8
11270,17
11271,2
11272,15
11273,18
11274,13
11275,14
11276,0
11277,17
11278,15
11279,5
11280,17
11281,10
11282,7
11283,2
11284,4
11285,9
11286,14
11287,10
11288,7
11289,1
11290,4
11291,7
11292,7
11293,6
11294,10
11295,3
11296,9
11297,3
11298,10
11299,17
11300,15
11301,6
11302,11
11303,4
11304,19
11305,17
11306,3
11307,6
11308,5
11309,13
11310,4
11311,3
11312,1
11313,8
